player_id,player_name,team,team_crest,position,dob,nationality,photo_url
3160,Fernando Muslera,Uruguay,https://crests.football-data.org/758.svg,Goalkeeper,1986-06-16,Uruguay,https://img.sofascore.com/api/v1/player/3160/image
30210,Santiago Mele,Uruguay,https://crests.football-data.org/758.svg,Goalkeeper,1997-09-06,Uruguay,https://img.sofascore.com/api/v1/player/30210/image
30386,Sergio Rochet,Uruguay,https://crests.football-data.org/758.svg,Goalkeeper,1993-03-23,Uruguay,https://img.sofascore.com/api/v1/player/30386/image
3165,Guillermo Varela,Uruguay,https://crests.football-data.org/758.svg,Defence,1993-03-24,Uruguay,https://img.sofascore.com/api/v1/player/3165/image
28292,Ronald Araújo,Uruguay,https://crests.football-data.org/758.svg,Defence,1999-03-07,Uruguay,https://img.sofascore.com/api/v1/player/28292/image
28326,Sebastían Cáceres,Uruguay,https://crests.football-data.org/758.svg,Defence,1999-08-18,Uruguay,https://img.sofascore.com/api/v1/player/28326/image
28426,Matías Viña,Uruguay,https://crests.football-data.org/758.svg,Defence,1997-11-09,Uruguay,https://img.sofascore.com/api/v1/player/28426/image
28740,Joaquín Piquerez,Uruguay,https://crests.football-data.org/758.svg,Defence,1998-08-24,Uruguay,https://img.sofascore.com/api/v1/player/28740/image
28770,Maximiliano Araújo,Uruguay,https://crests.football-data.org/758.svg,Defence,2000-02-15,Uruguay,https://img.sofascore.com/api/v1/player/28770/image
32754,Mathías Olivera,Uruguay,https://crests.football-data.org/758.svg,Defence,1997-10-31,Uruguay,https://img.sofascore.com/api/v1/player/32754/image
32767,Santiago Bueno,Uruguay,https://crests.football-data.org/758.svg,Defence,1998-11-09,Uruguay,https://img.sofascore.com/api/v1/player/32767/image
213277,José Giménez,Uruguay,https://crests.football-data.org/758.svg,Defence,1995-01-20,Uruguay,https://img.sofascore.com/api/v1/player/213277/image
96,Federico Valverde,Uruguay,https://crests.football-data.org/758.svg,Midfield,1998-07-22,Uruguay,https://img.sofascore.com/api/v1/player/96/image
1244,Giorgian De Arrascaeta,Uruguay,https://crests.football-data.org/758.svg,Midfield,1994-06-01,Uruguay,https://img.sofascore.com/api/v1/player/1244/image
2041,Rodrigo Bentancur,Uruguay,https://crests.football-data.org/758.svg,Midfield,1997-06-25,Uruguay,https://img.sofascore.com/api/v1/player/2041/image
28549,Manuel Ugarte,Uruguay,https://crests.football-data.org/758.svg,Midfield,2001-04-11,Uruguay,https://img.sofascore.com/api/v1/player/28549/image
28618,Brian Rodríguez,Uruguay,https://crests.football-data.org/758.svg,Midfield,2000-05-20,Uruguay,https://img.sofascore.com/api/v1/player/28618/image
121007,Rodrigo Zalazar,Uruguay,https://crests.football-data.org/758.svg,Midfield,1999-08-12,Uruguay,https://img.sofascore.com/api/v1/player/121007/image
122506,Facundo Pellistri,Uruguay,https://crests.football-data.org/758.svg,Midfield,2001-12-20,Uruguay,https://img.sofascore.com/api/v1/player/122506/image
130957,Emiliano Martínez,Uruguay,https://crests.football-data.org/758.svg,Midfield,1999-08-17,Uruguay,https://img.sofascore.com/api/v1/player/130957/image
152435,Juan Sanabria,Uruguay,https://crests.football-data.org/758.svg,Midfield,2000-03-29,Uruguay,https://img.sofascore.com/api/v1/player/152435/image
168795,Nicolas de la Cruz,Uruguay,https://crests.football-data.org/758.svg,Midfield,1997-06-01,Uruguay,https://img.sofascore.com/api/v1/player/168795/image
11206,Rodrigo Aguirre,Uruguay,https://crests.football-data.org/758.svg,Offence,1994-10-01,Uruguay,https://img.sofascore.com/api/v1/player/11206/image
28612,Darwin Núñez,Uruguay,https://crests.football-data.org/758.svg,Offence,1999-06-24,Uruguay,https://img.sofascore.com/api/v1/player/28612/image
28614,Agustín Canobbio,Uruguay,https://crests.football-data.org/758.svg,Offence,1998-10-01,Uruguay,https://img.sofascore.com/api/v1/player/28614/image
112678,Federico Viñas,Uruguay,https://crests.football-data.org/758.svg,Offence,1998-06-30,Uruguay,https://img.sofascore.com/api/v1/player/112678/image
316,Oliver Baumann,Germany,https://crests.football-data.org/759.svg,Goalkeeper,1990-06-02,Germany,https://img.sofascore.com/api/v1/player/316/image
341,Manuel Neuer,Germany,https://crests.football-data.org/759.svg,Goalkeeper,1986-03-27,Germany,https://img.sofascore.com/api/v1/player/341/image
6491,Alexander Nübel,Germany,https://crests.football-data.org/759.svg,Goalkeeper,1996-09-30,Germany,https://img.sofascore.com/api/v1/player/6491/image
149,Jonathan Tah,Germany,https://crests.football-data.org/759.svg,Defence,1996-02-11,Germany,https://img.sofascore.com/api/v1/player/149/image
379,Waldemar Anton,Germany,https://crests.football-data.org/759.svg,Defence,1996-07-20,Germany,https://img.sofascore.com/api/v1/player/379/image
3177,Antonio Rüdiger,Germany,https://crests.football-data.org/759.svg,Defence,1993-03-03,Germany,https://img.sofascore.com/api/v1/player/3177/image
9905,David Raum,Germany,https://crests.football-data.org/759.svg,Defence,1998-04-22,Germany,https://img.sofascore.com/api/v1/player/9905/image
75539,Nico Schlotterbeck,Germany,https://crests.football-data.org/759.svg,Defence,1999-12-01,Germany,https://img.sofascore.com/api/v1/player/75539/image
142732,Malick Thiaw,Germany,https://crests.football-data.org/759.svg,Defence,2001-08-08,Germany,https://img.sofascore.com/api/v1/player/142732/image
184533,Nathaniel Brown,Germany,https://crests.football-data.org/759.svg,Defence,2003-06-16,Germany,https://img.sofascore.com/api/v1/player/184533/image
320,Nadiem Amiri,Germany,https://crests.football-data.org/759.svg,Midfield,1996-10-27,Germany,https://img.sofascore.com/api/v1/player/320/image
359,Joshua Kimmich,Germany,https://crests.football-data.org/759.svg,Midfield,1995-02-08,Germany,https://img.sofascore.com/api/v1/player/359/image
3181,Leon Goretzka,Germany,https://crests.football-data.org/759.svg,Midfield,1995-02-06,Germany,https://img.sofascore.com/api/v1/player/3181/image
8273,Pascal Groß,Germany,https://crests.football-data.org/759.svg,Midfield,1991-06-15,Germany,https://img.sofascore.com/api/v1/player/8273/image
19334,Florian Wirtz,Germany,https://crests.football-data.org/759.svg,Midfield,2003-05-03,Germany,https://img.sofascore.com/api/v1/player/19334/image
101074,Felix Kalu Nmecha,Germany,https://crests.football-data.org/759.svg,Midfield,2000-10-10,Germany,https://img.sofascore.com/api/v1/player/101074/image
128565,Angelo Stiller,Germany,https://crests.football-data.org/759.svg,Midfield,2001-04-04,Germany,https://img.sofascore.com/api/v1/player/128565/image
144393,Jamal Musiala,Germany,https://crests.football-data.org/759.svg,Midfield,2003-02-26,Germany,https://img.sofascore.com/api/v1/player/144393/image
202665,Aleksandar Pavlović,Germany,https://crests.football-data.org/759.svg,Midfield,2004-05-03,Germany,https://img.sofascore.com/api/v1/player/202665/image
277592,Lennart Karl,Germany,https://crests.football-data.org/759.svg,Midfield,2008-02-22,Germany,https://img.sofascore.com/api/v1/player/277592/image
171,Kai Havertz,Germany,https://crests.football-data.org/759.svg,Offence,1999-06-11,Germany,https://img.sofascore.com/api/v1/player/171/image
3184,Leroy Sané,Germany,https://crests.football-data.org/759.svg,Offence,1996-01-11,Germany,https://img.sofascore.com/api/v1/player/3184/image
6928,Deniz Undav,Germany,https://crests.football-data.org/759.svg,Offence,1996-07-19,Germany,https://img.sofascore.com/api/v1/player/6928/image
123333,Jamie Leweling,Germany,https://crests.football-data.org/759.svg,Offence,2001-02-26,Germany,https://img.sofascore.com/api/v1/player/123333/image
133547,Nick Woltemade,Germany,https://crests.football-data.org/759.svg,Offence,2002-02-14,Germany,https://img.sofascore.com/api/v1/player/133547/image
133903,Maximilian Beier,Germany,https://crests.football-data.org/759.svg,Offence,2002-10-17,Germany,https://img.sofascore.com/api/v1/player/133903/image
4832,David Raya,Spain,https://crests.football-data.org/760.svg,Goalkeeper,1995-09-15,Spain,https://img.sofascore.com/api/v1/player/4832/image
32570,Unai Simón,Spain,https://crests.football-data.org/760.svg,Goalkeeper,1997-06-11,Spain,https://img.sofascore.com/api/v1/player/32570/image
152506,Joan García,Spain,https://crests.football-data.org/760.svg,Goalkeeper,2001-05-04,Spain,https://img.sofascore.com/api/v1/player/152506/image
7884,Aymeric Laporte,Spain,https://crests.football-data.org/760.svg,Defence,1994-05-27,Spain,https://img.sofascore.com/api/v1/player/7884/image
15863,Cucurella,Spain,https://crests.football-data.org/760.svg,Defence,1998-07-22,Spain,https://img.sofascore.com/api/v1/player/15863/image
16739,Alejandro Grimaldo,Spain,https://crests.football-data.org/760.svg,Defence,1995-09-20,Spain,https://img.sofascore.com/api/v1/player/16739/image
81037,Pedro Porro,Spain,https://crests.football-data.org/760.svg,Defence,1999-09-13,Spain,https://img.sofascore.com/api/v1/player/81037/image
101345,Eric García,Spain,https://crests.football-data.org/760.svg,Defence,2001-01-09,Spain,https://img.sofascore.com/api/v1/player/101345/image
176745,Marc Pubill,Spain,https://crests.football-data.org/760.svg,Defence,2003-06-20,Spain,https://img.sofascore.com/api/v1/player/176745/image
217540,Pau Cubarsí,Spain,https://crests.football-data.org/760.svg,Defence,2007-01-22,Spain,https://img.sofascore.com/api/v1/player/217540/image
22,Fabián Ruiz,Spain,https://crests.football-data.org/760.svg,Midfield,1996-04-03,Spain,https://img.sofascore.com/api/v1/player/22/image
70,Marcos Llorente,Spain,https://crests.football-data.org/760.svg,Midfield,1995-01-30,Spain,https://img.sofascore.com/api/v1/player/70/image
3199,Rodri,Spain,https://crests.football-data.org/760.svg,Midfield,1996-06-22,Spain,https://img.sofascore.com/api/v1/player/3199/image
7935,Mikel Merino,Spain,https://crests.football-data.org/760.svg,Midfield,1996-06-22,Spain,https://img.sofascore.com/api/v1/player/7935/image
23132,Dani Olmo,Spain,https://crests.football-data.org/760.svg,Midfield,1998-05-07,Spain,https://img.sofascore.com/api/v1/player/23132/image
33154,Ferrán Torres,Spain,https://crests.football-data.org/760.svg,Midfield,2000-02-29,Spain,https://img.sofascore.com/api/v1/player/33154/image
115035,Martín Zubimendi,Spain,https://crests.football-data.org/760.svg,Midfield,1999-02-02,Spain,https://img.sofascore.com/api/v1/player/115035/image
133860,Pedri,Spain,https://crests.football-data.org/760.svg,Midfield,2002-11-25,Spain,https://img.sofascore.com/api/v1/player/133860/image
171992,Pablo Gavira,Spain,https://crests.football-data.org/760.svg,Midfield,2004-08-05,Spain,https://img.sofascore.com/api/v1/player/171992/image
180137,Mikel Oyarzabal,Spain,https://crests.football-data.org/760.svg,Midfield,1997-04-21,Spain,https://img.sofascore.com/api/v1/player/180137/image
213278,Álex Baena,Spain,https://crests.football-data.org/760.svg,Midfield,2001-07-20,Spain,https://img.sofascore.com/api/v1/player/213278/image
32056,Borja Iglesias,Spain,https://crests.football-data.org/760.svg,Offence,1993-01-17,Spain,https://img.sofascore.com/api/v1/player/32056/image
152505,Yeremi Pino,Spain,https://crests.football-data.org/760.svg,Offence,2002-10-20,Spain,https://img.sofascore.com/api/v1/player/152505/image
157135,Nico Williams,Spain,https://crests.football-data.org/760.svg,Offence,2002-07-12,Spain,https://img.sofascore.com/api/v1/player/157135/image
202283,Lamine Yamal,Spain,https://crests.football-data.org/760.svg,Offence,2007-07-13,Spain,https://img.sofascore.com/api/v1/player/202283/image
273423,Víctor Muñoz,Spain,https://crests.football-data.org/760.svg,Offence,2003-07-13,Spain,https://img.sofascore.com/api/v1/player/273423/image
28294,Gastón Olveira,Paraguay,https://crests.football-data.org/761.svg,Goalkeeper,1993-04-21,Paraguay,https://img.sofascore.com/api/v1/player/28294/image
169622,Roberto Fernández,Paraguay,https://crests.football-data.org/761.svg,Goalkeeper,1988-03-29,Paraguay,https://img.sofascore.com/api/v1/player/169622/image
270728,Orlando Gill,Paraguay,https://crests.football-data.org/761.svg,Goalkeeper,2000-06-11,Paraguay,https://img.sofascore.com/api/v1/player/270728/image
1436,Fabián Balbuena,Paraguay,https://crests.football-data.org/761.svg,Defence,1991-08-23,Paraguay,https://img.sofascore.com/api/v1/player/1436/image
1741,Gustavo Gómez,Paraguay,https://crests.football-data.org/761.svg,Defence,1993-05-06,Paraguay,https://img.sofascore.com/api/v1/player/1741/image
8395,Júnior Alonso,Paraguay,https://crests.football-data.org/761.svg,Defence,1993-02-09,Paraguay,https://img.sofascore.com/api/v1/player/8395/image
46491,Omar Alderete,Paraguay,https://crests.football-data.org/761.svg,Defence,1996-12-26,Paraguay,https://img.sofascore.com/api/v1/player/46491/image
141752,Juan Cáceres,Paraguay,https://crests.football-data.org/761.svg,Defence,2000-06-01,Paraguay,https://img.sofascore.com/api/v1/player/141752/image
172169,Gustavo Velázquez,Paraguay,https://crests.football-data.org/761.svg,Defence,1991-04-17,Paraguay,https://img.sofascore.com/api/v1/player/172169/image
178832,José Canale,Paraguay,https://crests.football-data.org/761.svg,Defence,1996-07-20,Paraguay,https://img.sofascore.com/api/v1/player/178832/image
274608,Alexandro Maidana,Paraguay,https://crests.football-data.org/761.svg,Defence,2005-07-26,Paraguay,https://img.sofascore.com/api/v1/player/274608/image
46467,Andrés Cubas,Paraguay,https://crests.football-data.org/761.svg,Midfield,1996-05-11,Paraguay,https://img.sofascore.com/api/v1/player/46467/image
57316,Kaku,Paraguay,https://crests.football-data.org/761.svg,Midfield,1995-01-11,Paraguay,https://img.sofascore.com/api/v1/player/57316/image
76861,Miguel Almirón,Paraguay,https://crests.football-data.org/761.svg,Midfield,1994-02-10,Paraguay,https://img.sofascore.com/api/v1/player/76861/image
119594,Mauricio,Paraguay,https://crests.football-data.org/761.svg,Midfield,2001-06-22,Paraguay,https://img.sofascore.com/api/v1/player/119594/image
122397,Braian Ojeda,Paraguay,https://crests.football-data.org/761.svg,Midfield,2000-06-27,Paraguay,https://img.sofascore.com/api/v1/player/122397/image
165622,Matías Galarza,Paraguay,https://crests.football-data.org/761.svg,Midfield,2002-02-11,Paraguay,https://img.sofascore.com/api/v1/player/165622/image
168954,Damian Bobadilla,Paraguay,https://crests.football-data.org/761.svg,Midfield,2001-07-11,Paraguay,https://img.sofascore.com/api/v1/player/168954/image
178951,Diego Gómez,Paraguay,https://crests.football-data.org/761.svg,Midfield,2003-03-27,Paraguay,https://img.sofascore.com/api/v1/player/178951/image
14,Antonio Sanabria,Paraguay,https://crests.football-data.org/761.svg,Offence,1996-03-04,Paraguay,https://img.sofascore.com/api/v1/player/14/image
59693,Gabriel Ávalos,Paraguay,https://crests.football-data.org/761.svg,Offence,1990-10-12,Paraguay,https://img.sofascore.com/api/v1/player/59693/image
114353,Isidro Pitta,Paraguay,https://crests.football-data.org/761.svg,Offence,1999-08-14,Paraguay,https://img.sofascore.com/api/v1/player/114353/image
140647,Ramón Sosa,Paraguay,https://crests.football-data.org/761.svg,Offence,1999-08-31,Paraguay,https://img.sofascore.com/api/v1/player/140647/image
168949,Julio Enciso,Paraguay,https://crests.football-data.org/761.svg,Offence,2004-01-23,Paraguay,https://img.sofascore.com/api/v1/player/168949/image
191772,Gustavo Caballero,Paraguay,https://crests.football-data.org/761.svg,Offence,2001-09-21,Paraguay,https://img.sofascore.com/api/v1/player/191772/image
250206,Alex Arce,Paraguay,https://crests.football-data.org/761.svg,Offence,1995-06-16,Paraguay,https://img.sofascore.com/api/v1/player/250206/image
6,Géronimo Rulli,Argentina,https://crests.football-data.org/762.png,Goalkeeper,1992-05-20,Argentina,https://img.sofascore.com/api/v1/player/6/image
3141,Emiliano Martínez,Argentina,https://crests.football-data.org/762.png,Goalkeeper,1992-09-02,Argentina,https://img.sofascore.com/api/v1/player/3141/image
46554,Juan Musso,Argentina,https://crests.football-data.org/762.png,Goalkeeper,1994-05-06,Argentina,https://img.sofascore.com/api/v1/player/46554/image
3205,Nicolás Otamendi,Argentina,https://crests.football-data.org/762.png,Defence,1988-02-12,Argentina,https://img.sofascore.com/api/v1/player/3205/image
3208,Nicolás Tagliafico,Argentina,https://crests.football-data.org/762.png,Defence,1992-08-31,Argentina,https://img.sofascore.com/api/v1/player/3208/image
11667,Gonzalo Montiel,Argentina,https://crests.football-data.org/762.png,Defence,1997-01-01,Argentina,https://img.sofascore.com/api/v1/player/11667/image
45735,Christian Romero,Argentina,https://crests.football-data.org/762.png,Defence,1998-04-27,Argentina,https://img.sofascore.com/api/v1/player/45735/image
46125,Facundo Medina,Argentina,https://crests.football-data.org/762.png,Defence,1999-05-28,Argentina,https://img.sofascore.com/api/v1/player/46125/image
46451,Lisandro Martínez,Argentina,https://crests.football-data.org/762.png,Defence,1998-01-18,Argentina,https://img.sofascore.com/api/v1/player/46451/image
46452,Nahuel Molina,Argentina,https://crests.football-data.org/762.png,Defence,1998-04-06,Argentina,https://img.sofascore.com/api/v1/player/46452/image
82020,Leonardo Balerdi,Argentina,https://crests.football-data.org/762.png,Defence,1999-01-26,Argentina,https://img.sofascore.com/api/v1/player/82020/image
170261,Valentin Barco,Argentina,https://crests.football-data.org/762.png,Defence,2004-07-23,Argentina,https://img.sofascore.com/api/v1/player/170261/image
2127,Rodrigo de Paul,Argentina,https://crests.football-data.org/762.png,Midfield,1994-05-24,Argentina,https://img.sofascore.com/api/v1/player/2127/image
3214,Leandro Paredes,Argentina,https://crests.football-data.org/762.png,Midfield,1994-06-29,Argentina,https://img.sofascore.com/api/v1/player/3214/image
3216,Giovani Lo Celso,Argentina,https://crests.football-data.org/762.png,Midfield,1996-04-09,Argentina,https://img.sofascore.com/api/v1/player/3216/image
11720,Exequiel Palacios,Argentina,https://crests.football-data.org/762.png,Midfield,1998-10-05,Argentina,https://img.sofascore.com/api/v1/player/11720/image
45681,Alexis Mac Allister,Argentina,https://crests.football-data.org/762.png,Midfield,1998-12-24,Argentina,https://img.sofascore.com/api/v1/player/45681/image
79953,Thiago Almada,Argentina,https://crests.football-data.org/762.png,Midfield,2001-04-26,Argentina,https://img.sofascore.com/api/v1/player/79953/image
102603,Enzo Fernández,Argentina,https://crests.football-data.org/762.png,Midfield,2001-01-17,Argentina,https://img.sofascore.com/api/v1/player/102603/image
203511,Nico Paz,Argentina,https://crests.football-data.org/762.png,Midfield,2004-09-08,Argentina,https://img.sofascore.com/api/v1/player/203511/image
3218,Lionel Messi,Argentina,https://crests.football-data.org/762.png,Offence,1987-06-24,Argentina,https://img.sofascore.com/api/v1/player/3218/image
3220,Lautaro Martínez,Argentina,https://crests.football-data.org/762.png,Offence,1997-08-22,Argentina,https://img.sofascore.com/api/v1/player/3220/image
45680,Nicolás González,Argentina,https://crests.football-data.org/762.png,Offence,1998-04-06,Argentina,https://img.sofascore.com/api/v1/player/45680/image
98571,Julián Álvarez,Argentina,https://crests.football-data.org/762.png,Offence,2000-01-31,Argentina,https://img.sofascore.com/api/v1/player/98571/image
170698,José Manuel López,Argentina,https://crests.football-data.org/762.png,Offence,2000-12-06,Argentina,https://img.sofascore.com/api/v1/player/170698/image
171964,Giuliano Simeone,Argentina,https://crests.football-data.org/762.png,Offence,2002-12-18,Argentina,https://img.sofascore.com/api/v1/player/171964/image
495,Lawrence Ati-Zigi,Ghana,https://crests.football-data.org/ghana.svg,Goalkeeper,1996-11-29,Ghana,https://img.sofascore.com/api/v1/player/495/image
137390,Joseph Anang,Ghana,https://crests.football-data.org/ghana.svg,Goalkeeper,2000-06-08,England,https://img.sofascore.com/api/v1/player/137390/image
277336,Benjamin Asare,Ghana,https://crests.football-data.org/ghana.svg,Goalkeeper,1992-07-13,Ghana,https://img.sofascore.com/api/v1/player/277336/image
6499,Abdul Rahman Baba,Ghana,https://crests.football-data.org/ghana.svg,Defence,1994-07-02,Ghana,https://img.sofascore.com/api/v1/player/6499/image
7442,Derrick Luckassen,Ghana,https://crests.football-data.org/ghana.svg,Defence,1995-07-03,Netherlands,https://img.sofascore.com/api/v1/player/7442/image
16340,Gideon Mensah,Ghana,https://crests.football-data.org/ghana.svg,Defence,1998-07-18,Ghana,https://img.sofascore.com/api/v1/player/16340/image
25641,Abdul Mumin,Ghana,https://crests.football-data.org/ghana.svg,Defence,1998-06-06,Ghana,https://img.sofascore.com/api/v1/player/25641/image
128235,Jerome Opoku,Ghana,https://crests.football-data.org/ghana.svg,Defence,1998-10-14,Ghana,https://img.sofascore.com/api/v1/player/128235/image
147893,Alidu Seidu,Ghana,https://crests.football-data.org/ghana.svg,Defence,2000-06-04,Ghana,https://img.sofascore.com/api/v1/player/147893/image
153924,Marvin Senaya,Ghana,https://crests.football-data.org/ghana.svg,Defence,2001-01-28,Ghana,https://img.sofascore.com/api/v1/player/153924/image
191269,Jonas Adjei Adjetey,Ghana,https://crests.football-data.org/ghana.svg,Defence,2003-12-13,Ghana,https://img.sofascore.com/api/v1/player/191269/image
202896,Kojo Peprah Oppong,Ghana,https://crests.football-data.org/ghana.svg,Defence,2004-06-04,Ghana,https://img.sofascore.com/api/v1/player/202896/image
110,Thomas Partey,Ghana,https://crests.football-data.org/ghana.svg,Midfield,1993-06-13,Ghana,https://img.sofascore.com/api/v1/player/110/image
8470,Elisha Owusu,Ghana,https://crests.football-data.org/ghana.svg,Midfield,1997-11-07,Ghana,https://img.sofascore.com/api/v1/player/8470/image
79960,Kwasi Sibo,Ghana,https://crests.football-data.org/ghana.svg,Midfield,1998-06-24,Ghana,https://img.sofascore.com/api/v1/player/79960/image
175747,Augustine Boakye,Ghana,https://crests.football-data.org/ghana.svg,Midfield,2000-11-03,Ghana,https://img.sofascore.com/api/v1/player/175747/image
262187,Caleb Yirenkyi,Ghana,https://crests.football-data.org/ghana.svg,Midfield,2006-01-15,Ghana,https://img.sofascore.com/api/v1/player/262187/image
4417,Antoine Semenyo,Ghana,https://crests.football-data.org/ghana.svg,Offence,2000-01-07,Ghana,https://img.sofascore.com/api/v1/player/4417/image
6389,Brandon Thomas-Asante,Ghana,https://crests.football-data.org/ghana.svg,Offence,1998-12-29,Ghana,https://img.sofascore.com/api/v1/player/6389/image
7984,Jordan Ayew,Ghana,https://crests.football-data.org/ghana.svg,Offence,1991-09-11,Ghana,https://img.sofascore.com/api/v1/player/7984/image
32629,Iñaki Williams,Ghana,https://crests.football-data.org/ghana.svg,Offence,1994-06-15,Ghana,https://img.sofascore.com/api/v1/player/32629/image
142140,Kamal Deen Sulemana,Ghana,https://crests.football-data.org/ghana.svg,Offence,2002-02-15,Ghana,https://img.sofascore.com/api/v1/player/142140/image
184726,Ernest Nuamah,Ghana,https://crests.football-data.org/ghana.svg,Offence,2003-11-01,Ghana,https://img.sofascore.com/api/v1/player/184726/image
187162,Abdul Issahaku,Ghana,https://crests.football-data.org/ghana.svg,Offence,2004-03-08,Ghana,https://img.sofascore.com/api/v1/player/187162/image
193596,Christopher Bonsu Baah,Ghana,https://crests.football-data.org/ghana.svg,Offence,2004-12-14,Ghana,https://img.sofascore.com/api/v1/player/193596/image
218805,Prince Adu,Ghana,https://crests.football-data.org/ghana.svg,Offence,2003-09-23,Ghana,https://img.sofascore.com/api/v1/player/218805/image
1170,Weverton,Brazil,https://crests.football-data.org/764.svg,Goalkeeper,1987-12-13,Brazil,https://img.sofascore.com/api/v1/player/1170/image
1795,Alisson Becker,Brazil,https://crests.football-data.org/764.svg,Goalkeeper,1992-10-02,Brazil,https://img.sofascore.com/api/v1/player/1795/image
3222,Ederson,Brazil,https://crests.football-data.org/764.svg,Goalkeeper,1993-08-17,Brazil,https://img.sofascore.com/api/v1/player/3222/image
1081,Roger Ibañez,Brazil,https://crests.football-data.org/764.svg,Defence,1998-11-23,Brazil,https://img.sofascore.com/api/v1/player/1081/image
1106,Bremer,Brazil,https://crests.football-data.org/764.svg,Defence,1997-03-18,Brazil,https://img.sofascore.com/api/v1/player/1106/image
2028,Alex Sandro,Brazil,https://crests.football-data.org/764.svg,Defence,1991-01-26,Brazil,https://img.sofascore.com/api/v1/player/2028/image
3225,Marquinhos,Brazil,https://crests.football-data.org/764.svg,Defence,1994-05-14,Brazil,https://img.sofascore.com/api/v1/player/3225/image
6517,Douglas Santos,Brazil,https://crests.football-data.org/764.svg,Defence,1994-03-22,Brazil,https://img.sofascore.com/api/v1/player/6517/image
7881,Danilo Luiz da Silva,Brazil,https://crests.football-data.org/764.svg,Defence,1991-07-15,Brazil,https://img.sofascore.com/api/v1/player/7881/image
11192,Léo Pereira,Brazil,https://crests.football-data.org/764.svg,Defence,1996-01-31,Brazil,https://img.sofascore.com/api/v1/player/11192/image
23128,Gabriel Magalhães,Brazil,https://crests.football-data.org/764.svg,Defence,1997-12-19,Brazil,https://img.sofascore.com/api/v1/player/23128/image
179164,Wesley,Brazil,https://crests.football-data.org/764.svg,Defence,2003-09-06,Brazil,https://img.sofascore.com/api/v1/player/179164/image
1543,Lucas Paquetá,Brazil,https://crests.football-data.org/764.svg,Midfield,1997-08-27,Brazil,https://img.sofascore.com/api/v1/player/1543/image
1684,Bruno Guimarães,Brazil,https://crests.football-data.org/764.svg,Midfield,1997-11-16,Brazil,https://img.sofascore.com/api/v1/player/1684/image
3231,Casemiro,Brazil,https://crests.football-data.org/764.svg,Midfield,1992-02-23,Brazil,https://img.sofascore.com/api/v1/player/3231/image
8749,Fabinho,Brazil,https://crests.football-data.org/764.svg,Midfield,1993-10-23,Brazil,https://img.sofascore.com/api/v1/player/8749/image
149704,Danilo dos Santos de Oliveira,Brazil,https://crests.football-data.org/764.svg,Midfield,2001-04-29,Brazil,https://img.sofascore.com/api/v1/player/149704/image
1556,Vinicius Junior,Brazil,https://crests.football-data.org/764.svg,Offence,2000-07-12,Brazil,https://img.sofascore.com/api/v1/player/1556/image
8491,Neymar,Brazil,https://crests.football-data.org/764.svg,Offence,1992-02-05,Brazil,https://img.sofascore.com/api/v1/player/8491/image
30842,Matheus Cunha,Brazil,https://crests.football-data.org/764.svg,Offence,1999-05-27,Brazil,https://img.sofascore.com/api/v1/player/30842/image
37428,Raphinha,Brazil,https://crests.football-data.org/764.svg,Offence,1996-12-14,Brazil,https://img.sofascore.com/api/v1/player/37428/image
61450,Martinelli,Brazil,https://crests.football-data.org/764.svg,Offence,2001-06-18,Brazil,https://img.sofascore.com/api/v1/player/61450/image
138230,Thiago,Brazil,https://crests.football-data.org/764.svg,Offence,2001-06-26,Brazil,https://img.sofascore.com/api/v1/player/138230/image
145539,Luiz Henrique,Brazil,https://crests.football-data.org/764.svg,Offence,2001-01-02,Brazil,https://img.sofascore.com/api/v1/player/145539/image
188487,Endrick,Brazil,https://crests.football-data.org/764.svg,Offence,2006-07-21,Brazil,https://img.sofascore.com/api/v1/player/188487/image
203356,Rayan,Brazil,https://crests.football-data.org/764.svg,Offence,2006-08-03,Brazil,https://img.sofascore.com/api/v1/player/203356/image
15899,José Sá,Portugal,https://crests.football-data.org/765.svg,Goalkeeper,1993-01-17,Portugal,https://img.sofascore.com/api/v1/player/15899/image
32014,Rui Silva,Portugal,https://crests.football-data.org/765.svg,Goalkeeper,1994-02-07,Portugal,https://img.sofascore.com/api/v1/player/32014/image
37362,Diogo Costa,Portugal,https://crests.football-data.org/765.svg,Goalkeeper,1999-09-19,Switzerland,https://img.sofascore.com/api/v1/player/37362/image
2000,João Cancelo,Portugal,https://crests.football-data.org/765.svg,Defence,1994-05-27,Portugal,https://img.sofascore.com/api/v1/player/2000/image
10183,Rúben Dias,Portugal,https://crests.football-data.org/765.svg,Defence,1997-05-14,Portugal,https://img.sofascore.com/api/v1/player/10183/image
15862,Nélson Semedo,Portugal,https://crests.football-data.org/765.svg,Defence,1993-11-16,Portugal,https://img.sofascore.com/api/v1/player/15862/image
15905,Diogo Dalot,Portugal,https://crests.football-data.org/765.svg,Defence,1999-03-18,Portugal,https://img.sofascore.com/api/v1/player/15905/image
91512,Matheus Nunes,Portugal,https://crests.football-data.org/765.svg,Defence,1998-08-27,Portugal,https://img.sofascore.com/api/v1/player/91512/image
144570,Nuno Mendes,Portugal,https://crests.football-data.org/765.svg,Defence,2002-06-19,Portugal,https://img.sofascore.com/api/v1/player/144570/image
145357,Gonçalo Inácio,Portugal,https://crests.football-data.org/765.svg,Defence,2001-08-25,Portugal,https://img.sofascore.com/api/v1/player/145357/image
177842,Tomas Araujo,Portugal,https://crests.football-data.org/765.svg,Defence,2002-05-16,Portugal,https://img.sofascore.com/api/v1/player/177842/image
178769,Renato Veiga,Portugal,https://crests.football-data.org/765.svg,Defence,2003-07-29,Portugal,https://img.sofascore.com/api/v1/player/178769/image
3254,Bernardo Silva,Portugal,https://crests.football-data.org/765.svg,Midfield,1994-08-10,Portugal,https://img.sofascore.com/api/v1/player/3254/image
3255,Rúben Neves,Portugal,https://crests.football-data.org/765.svg,Midfield,1997-03-13,Portugal,https://img.sofascore.com/api/v1/player/3255/image
3257,Bruno Fernandes,Portugal,https://crests.football-data.org/765.svg,Midfield,1994-09-08,Portugal,https://img.sofascore.com/api/v1/player/3257/image
3259,Gonçalo Guedes,Portugal,https://crests.football-data.org/765.svg,Midfield,1996-11-29,Portugal,https://img.sofascore.com/api/v1/player/3259/image
140814,Samuel Almeida Costa,Portugal,https://crests.football-data.org/765.svg,Midfield,2000-11-27,Portugal,https://img.sofascore.com/api/v1/player/140814/image
178722,Vitinha,Portugal,https://crests.football-data.org/765.svg,Midfield,2000-02-13,Portugal,https://img.sofascore.com/api/v1/player/178722/image
190877,Joao Neves,Portugal,https://crests.football-data.org/765.svg,Midfield,2004-09-27,Portugal,https://img.sofascore.com/api/v1/player/190877/image
44,Cristiano Ronaldo,Portugal,https://crests.football-data.org/765.svg,Offence,1985-02-05,Portugal,https://img.sofascore.com/api/v1/player/44/image
2074,Pedro Neto,Portugal,https://crests.football-data.org/765.svg,Offence,2000-03-09,Portugal,https://img.sofascore.com/api/v1/player/2074/image
15892,Rafael Leão,Portugal,https://crests.football-data.org/765.svg,Offence,1999-06-10,Portugal,https://img.sofascore.com/api/v1/player/15892/image
37332,Trincão,Portugal,https://crests.football-data.org/765.svg,Offence,1999-12-29,Portugal,https://img.sofascore.com/api/v1/player/37332/image
39265,João Félix,Portugal,https://crests.football-data.org/765.svg,Offence,1999-11-10,Portugal,https://img.sofascore.com/api/v1/player/39265/image
101431,Gonçalo Ramos,Portugal,https://crests.football-data.org/765.svg,Offence,2001-06-20,Portugal,https://img.sofascore.com/api/v1/player/101431/image
150791,Francisco Conceição,Portugal,https://crests.football-data.org/765.svg,Offence,2002-12-14,Portugal,https://img.sofascore.com/api/v1/player/150791/image
48729,Keisuke Ōsako,Japan,https://crests.football-data.org/766.svg,Goalkeeper,1999-07-28,Japan,https://img.sofascore.com/api/v1/player/48729/image
118920,Zion Suzuki,Japan,https://crests.football-data.org/766.svg,Goalkeeper,2002-08-21,Japan,https://img.sofascore.com/api/v1/player/118920/image
161335,Tomoki Hayakawa,Japan,https://crests.football-data.org/766.svg,Goalkeeper,1999-03-03,Japan,https://img.sofascore.com/api/v1/player/161335/image
3264,Yūto Nagatomo,Japan,https://crests.football-data.org/766.svg,Defence,1986-09-12,Japan,https://img.sofascore.com/api/v1/player/3264/image
9034,Takehiro Tomiyasu,Japan,https://crests.football-data.org/766.svg,Defence,1998-11-05,Japan,https://img.sofascore.com/api/v1/player/9034/image
48657,Hiroki Ito,Japan,https://crests.football-data.org/766.svg,Defence,1999-05-12,Japan,https://img.sofascore.com/api/v1/player/48657/image
48670,Yukinari Sugawara,Japan,https://crests.football-data.org/766.svg,Defence,2000-06-28,Japan,https://img.sofascore.com/api/v1/player/48670/image
48902,Ko Itakura,Japan,https://crests.football-data.org/766.svg,Defence,1997-01-27,Japan,https://img.sofascore.com/api/v1/player/48902/image
49097,Shogo Taniguchi,Japan,https://crests.football-data.org/766.svg,Defence,1991-07-15,Japan,https://img.sofascore.com/api/v1/player/49097/image
113230,Ayumu Seko,Japan,https://crests.football-data.org/766.svg,Defence,2000-06-07,Japan,https://img.sofascore.com/api/v1/player/113230/image
113595,Tsuyoshi Watanabe,Japan,https://crests.football-data.org/766.svg,Defence,1997-02-05,Japan,https://img.sofascore.com/api/v1/player/113595/image
181210,Junnosuke Suzuki,Japan,https://crests.football-data.org/766.svg,Defence,2003-07-12,Japan,https://img.sofascore.com/api/v1/player/181210/image
3269,Wataru Endō,Japan,https://crests.football-data.org/766.svg,Midfield,1993-02-09,Japan,https://img.sofascore.com/api/v1/player/3269/image
6716,Daichi Kamada,Japan,https://crests.football-data.org/766.svg,Midfield,1996-08-05,Japan,https://img.sofascore.com/api/v1/player/6716/image
48555,Takefusa Kubo,Japan,https://crests.football-data.org/766.svg,Midfield,2001-06-04,Japan,https://img.sofascore.com/api/v1/player/48555/image
48595,Keito Nakamura,Japan,https://crests.football-data.org/766.svg,Midfield,2000-07-28,Japan,https://img.sofascore.com/api/v1/player/48595/image
49105,Ao Tanaka,Japan,https://crests.football-data.org/766.svg,Midfield,1998-09-10,Japan,https://img.sofascore.com/api/v1/player/49105/image
114809,Kaishu Sano,Japan,https://crests.football-data.org/766.svg,Midfield,2000-12-30,Japan,https://img.sofascore.com/api/v1/player/114809/image
145293,Yuito Suzuki,Japan,https://crests.football-data.org/766.svg,Midfield,2001-10-25,Japan,https://img.sofascore.com/api/v1/player/145293/image
7531,Ritsu Doan,Japan,https://crests.football-data.org/766.svg,Offence,1998-06-16,Japan,https://img.sofascore.com/api/v1/player/7531/image
44017,Daizen Maeda,Japan,https://crests.football-data.org/766.svg,Offence,1997-10-20,Japan,https://img.sofascore.com/api/v1/player/44017/image
48659,Koki Ogawa,Japan,https://crests.football-data.org/766.svg,Offence,1997-08-08,Japan,https://img.sofascore.com/api/v1/player/48659/image
49080,Junya Ito,Japan,https://crests.football-data.org/766.svg,Offence,1993-03-09,Japan,https://img.sofascore.com/api/v1/player/49080/image
119460,Ayase Ueda,Japan,https://crests.football-data.org/766.svg,Offence,1998-08-28,Japan,https://img.sofascore.com/api/v1/player/119460/image
247160,Kento Shiogai,Japan,https://crests.football-data.org/766.svg,Offence,2005-03-26,Japan,https://img.sofascore.com/api/v1/player/247160/image
274204,Keisuke Goto,Japan,https://crests.football-data.org/766.svg,Offence,2005-06-03,Japan,https://img.sofascore.com/api/v1/player/274204/image
3285,Guillermo Ochoa,Mexico,https://crests.football-data.org/769.svg,Goalkeeper,1985-07-13,Mexico,https://img.sofascore.com/api/v1/player/3285/image
39540,Carlos Acevedo,Mexico,https://crests.football-data.org/769.svg,Goalkeeper,1996-04-19,Mexico,https://img.sofascore.com/api/v1/player/39540/image
177674,José Rangel,Mexico,https://crests.football-data.org/769.svg,Goalkeeper,2000-02-25,Mexico,https://img.sofascore.com/api/v1/player/177674/image
3298,Jesús Gallardo,Mexico,https://crests.football-data.org/769.svg,Defence,1994-08-15,Mexico,https://img.sofascore.com/api/v1/player/3298/image
39246,César Montes,Mexico,https://crests.football-data.org/769.svg,Defence,1997-02-24,Mexico,https://img.sofascore.com/api/v1/player/39246/image
39330,Johan Vásquez,Mexico,https://crests.football-data.org/769.svg,Defence,1998-10-22,Mexico,https://img.sofascore.com/api/v1/player/39330/image
39546,Jorge Sánchez,Mexico,https://crests.football-data.org/769.svg,Defence,1997-12-10,Mexico,https://img.sofascore.com/api/v1/player/39546/image
84096,Israel Reyes,Mexico,https://crests.football-data.org/769.svg,Defence,2000-05-23,Mexico,https://img.sofascore.com/api/v1/player/84096/image
246145,Mateo Chávez,Mexico,https://crests.football-data.org/769.svg,Defence,2004-05-12,Mexico,https://img.sofascore.com/api/v1/player/246145/image
3293,Edson Álvarez,Mexico,https://crests.football-data.org/769.svg,Midfield,1997-10-24,Mexico,https://img.sofascore.com/api/v1/player/3293/image
38786,Orbelín Pineda,Mexico,https://crests.football-data.org/769.svg,Midfield,1996-03-24,Mexico,https://img.sofascore.com/api/v1/player/38786/image
39587,Luis Chávez,Mexico,https://crests.football-data.org/769.svg,Midfield,1996-01-15,Mexico,https://img.sofascore.com/api/v1/player/39587/image
39927,Luis Romo,Mexico,https://crests.football-data.org/769.svg,Midfield,1995-06-05,Mexico,https://img.sofascore.com/api/v1/player/39927/image
76356,Erik Lira,Mexico,https://crests.football-data.org/769.svg,Midfield,2000-05-08,Mexico,https://img.sofascore.com/api/v1/player/76356/image
99992,Álvaro Fidalgo,Mexico,https://crests.football-data.org/769.svg,Midfield,1997-04-09,Spain,https://img.sofascore.com/api/v1/player/99992/image
144457,Brian Gutiérrez,Mexico,https://crests.football-data.org/769.svg,Midfield,2003-06-17,Mexico,https://img.sofascore.com/api/v1/player/144457/image
170442,Obed Vargas,Mexico,https://crests.football-data.org/769.svg,Midfield,2005-08-05,Mexico,https://img.sofascore.com/api/v1/player/170442/image
264596,Gilberto Mora,Mexico,https://crests.football-data.org/769.svg,Midfield,2008-10-14,Mexico,https://img.sofascore.com/api/v1/player/264596/image
3305,Raúl Jiménez,Mexico,https://crests.football-data.org/769.svg,Offence,1991-05-05,Mexico,https://img.sofascore.com/api/v1/player/3305/image
39237,Julián Quiñones,Mexico,https://crests.football-data.org/769.svg,Offence,1997-03-24,Colombia,https://img.sofascore.com/api/v1/player/39237/image
39472,Roberto Alvarado,Mexico,https://crests.football-data.org/769.svg,Offence,1998-09-07,Mexico,https://img.sofascore.com/api/v1/player/39472/image
39635,Santiago Giménez,Mexico,https://crests.football-data.org/769.svg,Offence,2001-04-18,Mexico,https://img.sofascore.com/api/v1/player/39635/image
39667,Alexis Vega,Mexico,https://crests.football-data.org/769.svg,Offence,1997-11-25,Mexico,https://img.sofascore.com/api/v1/player/39667/image
39833,Guillermo Martínez,Mexico,https://crests.football-data.org/769.svg,Offence,1995-03-15,Mexico,https://img.sofascore.com/api/v1/player/39833/image
98820,César Huerta,Mexico,https://crests.football-data.org/769.svg,Offence,2000-12-03,Mexico,https://img.sofascore.com/api/v1/player/98820/image
229284,Armando González,Mexico,https://crests.football-data.org/769.svg,Offence,2003-04-20,Mexico,https://img.sofascore.com/api/v1/player/229284/image
3309,Jordan Pickford,England,https://crests.football-data.org/770.svg,Goalkeeper,1994-03-07,England,https://img.sofascore.com/api/v1/player/3309/image
5457,Dean Henderson,England,https://crests.football-data.org/770.svg,Goalkeeper,1997-03-12,England,https://img.sofascore.com/api/v1/player/5457/image
153874,James Trafford,England,https://crests.football-data.org/770.svg,Goalkeeper,2002-10-10,England,https://img.sofascore.com/api/v1/player/153874/image
3313,John Stones,England,https://crests.football-data.org/770.svg,Defence,1994-05-28,England,https://img.sofascore.com/api/v1/player/3313/image
4870,Dan Burn,England,https://crests.football-data.org/770.svg,Defence,1992-05-09,England,https://img.sofascore.com/api/v1/player/4870/image
6317,Ezri Konsa,England,https://crests.football-data.org/770.svg,Defence,1997-10-23,England,https://img.sofascore.com/api/v1/player/6317/image
56628,Reece James,England,https://crests.football-data.org/770.svg,Defence,1999-12-08,England,https://img.sofascore.com/api/v1/player/56628/image
80775,Djed Spence,England,https://crests.football-data.org/770.svg,Defence,2000-08-09,England,https://img.sofascore.com/api/v1/player/80775/image
118489,Marc Guéhi,England,https://crests.football-data.org/770.svg,Defence,2000-07-13,England,https://img.sofascore.com/api/v1/player/118489/image
168712,Valentino Livramento,England,https://crests.football-data.org/770.svg,Defence,2002-11-12,England,https://img.sofascore.com/api/v1/player/168712/image
176718,Jarell Quansah,England,https://crests.football-data.org/770.svg,Defence,2003-01-29,England,https://img.sofascore.com/api/v1/player/176718/image
206743,Nico O'Reilly,England,https://crests.football-data.org/770.svg,Defence,2005-03-21,England,https://img.sofascore.com/api/v1/player/206743/image
3320,Jordan Henderson,England,https://crests.football-data.org/770.svg,Midfield,1990-06-17,England,https://img.sofascore.com/api/v1/player/3320/image
4032,Eberechi Eze,England,https://crests.football-data.org/770.svg,Midfield,1998-06-29,England,https://img.sofascore.com/api/v1/player/4032/image
7848,Anthony Gordon,England,https://crests.football-data.org/770.svg,Midfield,2001-02-24,England,https://img.sofascore.com/api/v1/player/7848/image
8215,Declan Rice,England,https://crests.football-data.org/770.svg,Midfield,1999-01-14,England,https://img.sofascore.com/api/v1/player/8215/image
82140,Morgan Rogers,England,https://crests.football-data.org/770.svg,Midfield,2002-07-26,England,https://img.sofascore.com/api/v1/player/82140/image
107330,Elliot Anderson,England,https://crests.football-data.org/770.svg,Midfield,2002-11-06,England,https://img.sofascore.com/api/v1/player/107330/image
125010,Jude Bellingham,England,https://crests.football-data.org/770.svg,Midfield,2003-06-29,England,https://img.sofascore.com/api/v1/player/125010/image
190797,Kobbie Mainoo,England,https://crests.football-data.org/770.svg,Midfield,2005-04-19,England,https://img.sofascore.com/api/v1/player/190797/image
3331,Marcus Rashford,England,https://crests.football-data.org/770.svg,Offence,1997-10-31,England,https://img.sofascore.com/api/v1/player/3331/image
4444,Ollie Watkins,England,https://crests.football-data.org/770.svg,Offence,1995-12-30,England,https://img.sofascore.com/api/v1/player/4444/image
5453,Ivan Toney,England,https://crests.football-data.org/770.svg,Offence,1996-03-16,England,https://img.sofascore.com/api/v1/player/5453/image
8004,Harry Kane,England,https://crests.football-data.org/770.svg,Offence,1993-07-28,England,https://img.sofascore.com/api/v1/player/8004/image
99813,Bukayo Saka,England,https://crests.football-data.org/770.svg,Offence,2001-09-05,England,https://img.sofascore.com/api/v1/player/99813/image
167720,Noni Madueke,England,https://crests.football-data.org/770.svg,Offence,2002-03-10,England,https://img.sofascore.com/api/v1/player/167720/image
76936,Matt Turner,United States,https://crests.football-data.org/usa.svg,Goalkeeper,1994-06-24,USA,https://img.sofascore.com/api/v1/player/76936/image
113261,Matt Freese,United States,https://crests.football-data.org/usa.svg,Goalkeeper,1998-09-02,USA,https://img.sofascore.com/api/v1/player/113261/image
167172,Chris Brady,United States,https://crests.football-data.org/usa.svg,Goalkeeper,2004-03-03,USA,https://img.sofascore.com/api/v1/player/167172/image
3927,Antonee Robinson,United States,https://crests.football-data.org/usa.svg,Defence,1997-08-08,USA,https://img.sofascore.com/api/v1/player/3927/image
3956,Tim Ream,United States,https://crests.football-data.org/usa.svg,Defence,1987-10-05,USA,https://img.sofascore.com/api/v1/player/3956/image
76866,Miles Robinson,United States,https://crests.football-data.org/usa.svg,Defence,1997-03-14,USA,https://img.sofascore.com/api/v1/player/76866/image
77185,Auston Trusty,United States,https://crests.football-data.org/usa.svg,Defence,1998-08-12,USA,https://img.sofascore.com/api/v1/player/77185/image
77803,Mark McKenzie,United States,https://crests.football-data.org/usa.svg,Defence,1999-02-25,USA,https://img.sofascore.com/api/v1/player/77803/image
82442,Joseph Scally,United States,https://crests.football-data.org/usa.svg,Defence,2002-12-31,USA,https://img.sofascore.com/api/v1/player/82442/image
97534,Sergiño Dest,United States,https://crests.football-data.org/usa.svg,Defence,2000-11-03,USA,https://img.sofascore.com/api/v1/player/97534/image
99856,Chris Richards,United States,https://crests.football-data.org/usa.svg,Defence,2000-03-28,USA,https://img.sofascore.com/api/v1/player/99856/image
177823,Alex Freeman,United States,https://crests.football-data.org/usa.svg,Defence,2004-08-09,USA,https://img.sofascore.com/api/v1/player/177823/image
6507,Weston McKennie,United States,https://crests.football-data.org/usa.svg,Midfield,1998-08-28,USA,https://img.sofascore.com/api/v1/player/6507/image
39023,Alejandro Zendejas,United States,https://crests.football-data.org/usa.svg,Midfield,1998-02-07,USA,https://img.sofascore.com/api/v1/player/39023/image
77029,Cristian Roldan,United States,https://crests.football-data.org/usa.svg,Midfield,1995-06-03,USA,https://img.sofascore.com/api/v1/player/77029/image
77596,Tyler Adams,United States,https://crests.football-data.org/usa.svg,Midfield,1999-02-14,USA,https://img.sofascore.com/api/v1/player/77596/image
113262,Brenden Aaronson,United States,https://crests.football-data.org/usa.svg,Midfield,2000-10-22,USA,https://img.sofascore.com/api/v1/player/113262/image
136733,Gio Reyna,United States,https://crests.football-data.org/usa.svg,Midfield,2002-11-13,USA,https://img.sofascore.com/api/v1/player/136733/image
140416,Sebastian Berhalter,United States,https://crests.football-data.org/usa.svg,Midfield,2001-05-17,USA,https://img.sofascore.com/api/v1/player/140416/image
144470,Malik Tillman,United States,https://crests.football-data.org/usa.svg,Midfield,2002-05-28,USA,https://img.sofascore.com/api/v1/player/144470/image
145,Christian Pulisic,United States,https://crests.football-data.org/usa.svg,Offence,1998-09-18,USA,https://img.sofascore.com/api/v1/player/145/image
8492,Tim Weah,United States,https://crests.football-data.org/usa.svg,Offence,2000-02-22,USA,https://img.sofascore.com/api/v1/player/8492/image
10076,Haji Wright,United States,https://crests.football-data.org/usa.svg,Offence,1998-03-27,USA,https://img.sofascore.com/api/v1/player/10076/image
119731,Ricardo Pepi,United States,https://crests.football-data.org/usa.svg,Offence,2003-01-09,USA,https://img.sofascore.com/api/v1/player/119731/image
131040,Folarin Balogun,United States,https://crests.football-data.org/usa.svg,Offence,2001-07-03,USA,https://img.sofascore.com/api/v1/player/131040/image
192180,Max Arfsten,United States,https://crests.football-data.org/usa.svg,Offence,2001-04-19,USA,https://img.sofascore.com/api/v1/player/192180/image
166683,Seung-Gyu Kim,South Korea,https://crests.football-data.org/772.png,Goalkeeper,1990-09-30,South Korea,https://img.sofascore.com/api/v1/player/166683/image
189673,Bum-keun Song,South Korea,https://crests.football-data.org/772.png,Goalkeeper,1997-10-15,South Korea,https://img.sofascore.com/api/v1/player/189673/image
189775,Hyeon-woo Jo,South Korea,https://crests.football-data.org/772.png,Goalkeeper,1991-09-25,South Korea,https://img.sofascore.com/api/v1/player/189775/image
168299,Min-Jae Kim,South Korea,https://crests.football-data.org/772.png,Defence,1996-11-15,South Korea,https://img.sofascore.com/api/v1/player/168299/image
171221,Moon-hwan Kim,South Korea,https://crests.football-data.org/772.png,Defence,1995-08-01,South Korea,https://img.sofascore.com/api/v1/player/171221/image
217715,Han-bum Lee,South Korea,https://crests.football-data.org/772.png,Defence,2002-06-17,South Korea,https://img.sofascore.com/api/v1/player/217715/image
243858,Young-woo Seol,South Korea,https://crests.football-data.org/772.png,Defence,1998-12-05,South Korea,https://img.sofascore.com/api/v1/player/243858/image
244407,Jin-seob Park,South Korea,https://crests.football-data.org/772.png,Defence,1995-10-23,South Korea,https://img.sofascore.com/api/v1/player/244407/image
246906,Tae-hyeon Kim,South Korea,https://crests.football-data.org/772.png,Defence,2000-09-17,South Korea,https://img.sofascore.com/api/v1/player/246906/image
254209,Gi-hyuk Lee,South Korea,https://crests.football-data.org/772.png,Defence,2000-07-07,South Korea,https://img.sofascore.com/api/v1/player/254209/image
282051,Tae-seok Lee,South Korea,https://crests.football-data.org/772.png,Defence,2002-07-28,South Korea,https://img.sofascore.com/api/v1/player/282051/image
151888,Jens Castrop,South Korea,https://crests.football-data.org/772.png,Midfield,2003-07-29,South Korea,https://img.sofascore.com/api/v1/player/151888/image
170561,In-beom Hwang,South Korea,https://crests.football-data.org/772.png,Midfield,1996-09-20,South Korea,https://img.sofascore.com/api/v1/player/170561/image
177318,Dong-gyeong Lee,South Korea,https://crests.football-data.org/772.png,Midfield,1997-09-20,South Korea,https://img.sofascore.com/api/v1/player/177318/image
179889,Jae-sung Lee,South Korea,https://crests.football-data.org/772.png,Midfield,1992-08-10,South Korea,https://img.sofascore.com/api/v1/player/179889/image
189741,Jin-Gyu Kim,South Korea,https://crests.football-data.org/772.png,Midfield,1997-02-24,South Korea,https://img.sofascore.com/api/v1/player/189741/image
189752,Seung-Ho Paik,South Korea,https://crests.football-data.org/772.png,Midfield,1997-03-17,South Korea,https://img.sofascore.com/api/v1/player/189752/image
213217,Kang-in Lee,South Korea,https://crests.football-data.org/772.png,Midfield,2001-02-19,South Korea,https://img.sofascore.com/api/v1/player/213217/image
217655,Joon-ho Bae,South Korea,https://crests.football-data.org/772.png,Midfield,2003-08-21,South Korea,https://img.sofascore.com/api/v1/player/217655/image
3354,Hwang Heechan,South Korea,https://crests.football-data.org/772.png,Offence,1996-01-26,South Korea,https://img.sofascore.com/api/v1/player/3354/image
170281,Heung-min Son,South Korea,https://crests.football-data.org/772.png,Offence,1992-07-08,South Korea,https://img.sofascore.com/api/v1/player/170281/image
189665,Hyun-jun Yang,South Korea,https://crests.football-data.org/772.png,Offence,2002-05-25,South Korea,https://img.sofascore.com/api/v1/player/189665/image
189762,Gue-Sung Cho,South Korea,https://crests.football-data.org/772.png,Offence,1998-01-25,South Korea,https://img.sofascore.com/api/v1/player/189762/image
191295,Hyun-Gyu Oh,South Korea,https://crests.football-data.org/772.png,Offence,2001-04-12,South Korea,https://img.sofascore.com/api/v1/player/191295/image
261683,Ji-sung Eom,South Korea,https://crests.football-data.org/772.png,Offence,2002-05-09,South Korea,https://img.sofascore.com/api/v1/player/261683/image
8316,Brice Samba,France,https://crests.football-data.org/773.svg,Goalkeeper,1994-04-25,France,https://img.sofascore.com/api/v1/player/8316/image
8390,Mike Maignan,France,https://crests.football-data.org/773.svg,Goalkeeper,1995-07-03,France,https://img.sofascore.com/api/v1/player/8390/image
188389,Robin Risser,France,https://crests.football-data.org/773.svg,Goalkeeper,2004-12-02,France,https://img.sofascore.com/api/v1/player/188389/image
71,Theo Hernández,France,https://crests.football-data.org/773.svg,Defence,1997-10-06,France,https://img.sofascore.com/api/v1/player/71/image
3359,Lucas Digne,France,https://crests.football-data.org/773.svg,Defence,1993-07-20,France,https://img.sofascore.com/api/v1/player/3359/image
3365,Lucas Hernández,France,https://crests.football-data.org/773.svg,Defence,1996-02-14,France,https://img.sofascore.com/api/v1/player/3365/image
8499,Jules Koundé,France,https://crests.football-data.org/773.svg,Defence,1998-11-12,France,https://img.sofascore.com/api/v1/player/8499/image
9541,Dayot Upamecano,France,https://crests.football-data.org/773.svg,Defence,1998-10-27,France,https://img.sofascore.com/api/v1/player/9541/image
9542,Ibrahima Konaté,France,https://crests.football-data.org/773.svg,Defence,1999-05-25,France,https://img.sofascore.com/api/v1/player/9542/image
80171,William Saliba,France,https://crests.football-data.org/773.svg,Defence,2001-03-24,France,https://img.sofascore.com/api/v1/player/80171/image
82351,Maxence Lacroix,France,https://crests.football-data.org/773.svg,Defence,2000-04-06,France,https://img.sofascore.com/api/v1/player/82351/image
152498,Malo Gusto,France,https://crests.football-data.org/773.svg,Defence,2003-05-19,France,https://img.sofascore.com/api/v1/player/152498/image
3367,N'Golo Kanté,France,https://crests.football-data.org/773.svg,Midfield,1991-03-29,France,https://img.sofascore.com/api/v1/player/3367/image
3368,Adrien Rabiot,France,https://crests.football-data.org/773.svg,Midfield,1995-04-03,France,https://img.sofascore.com/api/v1/player/3368/image
8514,Aurélien Tchouameni,France,https://crests.football-data.org/773.svg,Midfield,2000-01-27,France,https://img.sofascore.com/api/v1/player/8514/image
102395,Manu Koné,France,https://crests.football-data.org/773.svg,Midfield,2001-05-17,France,https://img.sofascore.com/api/v1/player/102395/image
133242,Rayan Cherki,France,https://crests.football-data.org/773.svg,Midfield,2003-08-17,France,https://img.sofascore.com/api/v1/player/133242/image
175701,Maghnes Akliouche,France,https://crests.football-data.org/773.svg,Midfield,2002-02-25,France,https://img.sofascore.com/api/v1/player/175701/image
177522,Desire Doue,France,https://crests.football-data.org/773.svg,Midfield,2005-06-03,France,https://img.sofascore.com/api/v1/player/177522/image
186089,Warren Zaïre-Emery,France,https://crests.football-data.org/773.svg,Midfield,2006-03-08,France,https://img.sofascore.com/api/v1/player/186089/image
641,Jean-Philippe Mateta,France,https://crests.football-data.org/773.svg,Offence,1997-06-28,France,https://img.sofascore.com/api/v1/player/641/image
3373,Ousmane Dembélé,France,https://crests.football-data.org/773.svg,Offence,1997-05-15,France,https://img.sofascore.com/api/v1/player/3373/image
3374,Kylian Mbappé,France,https://crests.football-data.org/773.svg,Offence,1998-12-20,France,https://img.sofascore.com/api/v1/player/3374/image
8685,Marcus Thuram-Ulien,France,https://crests.football-data.org/773.svg,Offence,1997-08-06,France,https://img.sofascore.com/api/v1/player/8685/image
113765,Michael Olise,France,https://crests.football-data.org/773.svg,Offence,2001-12-12,France,https://img.sofascore.com/api/v1/player/113765/image
172762,Bradley Barcola,France,https://crests.football-data.org/773.svg,Offence,2002-09-02,France,https://img.sofascore.com/api/v1/player/172762/image
33986,Ronwen Williams,South Africa,https://crests.football-data.org/9396.svg,Goalkeeper,1992-01-21,South Africa,https://img.sofascore.com/api/v1/player/33986/image
34123,Sipho Chaine,South Africa,https://crests.football-data.org/9396.svg,Goalkeeper,1996-12-14,South Africa,https://img.sofascore.com/api/v1/player/34123/image
34456,Ricardo Goss,South Africa,https://crests.football-data.org/9396.svg,Goalkeeper,1994-04-02,South Africa,https://img.sofascore.com/api/v1/player/34456/image
33994,Aubrey Modiba,South Africa,https://crests.football-data.org/9396.svg,Defence,1995-07-22,South Africa,https://img.sofascore.com/api/v1/player/33994/image
34481,Nkosinathi Sibisi,South Africa,https://crests.football-data.org/9396.svg,Defence,1995-09-22,South Africa,https://img.sofascore.com/api/v1/player/34481/image
74101,Khuliso Mudau,South Africa,https://crests.football-data.org/9396.svg,Defence,1995-04-26,South Africa,https://img.sofascore.com/api/v1/player/74101/image
217832,Olwethu Makhanya,South Africa,https://crests.football-data.org/9396.svg,Defence,2004-04-30,South Africa,https://img.sofascore.com/api/v1/player/217832/image
245836,Bradley Cross,South Africa,https://crests.football-data.org/9396.svg,Defence,2001-01-30,South Africa,https://img.sofascore.com/api/v1/player/245836/image
277223,Samukelo Kabini,South Africa,https://crests.football-data.org/9396.svg,Defence,2004-03-15,South Africa,https://img.sofascore.com/api/v1/player/277223/image
279850,Ime Okon,South Africa,https://crests.football-data.org/9396.svg,Defence,2004-02-20,South Africa,https://img.sofascore.com/api/v1/player/279850/image
285992,Mbekezeli Mbokazi,South Africa,https://crests.football-data.org/9396.svg,Defence,2005-09-19,South Africa,https://img.sofascore.com/api/v1/player/285992/image
286005,Khulumani Ndamane,South Africa,https://crests.football-data.org/9396.svg,Defence,2004-02-05,South Africa,https://img.sofascore.com/api/v1/player/286005/image
287754,Tholo Matuludi,South Africa,https://crests.football-data.org/9396.svg,Defence,1999-01-14,South Africa,https://img.sofascore.com/api/v1/player/287754/image
33954,Themba Zwane,South Africa,https://crests.football-data.org/9396.svg,Midfield,1989-08-03,South Africa,https://img.sofascore.com/api/v1/player/33954/image
34012,Teboho Mokoena,South Africa,https://crests.football-data.org/9396.svg,Midfield,1997-01-24,South Africa,https://img.sofascore.com/api/v1/player/34012/image
133788,Sphephelo Sithole,South Africa,https://crests.football-data.org/9396.svg,Midfield,1999-03-03,South Africa,https://img.sofascore.com/api/v1/player/133788/image
147928,Jayden Adams,South Africa,https://crests.football-data.org/9396.svg,Midfield,2001-05-05,South Africa,https://img.sofascore.com/api/v1/player/147928/image
245495,Thapelo Maseko,South Africa,https://crests.football-data.org/9396.svg,Midfield,2002-11-11,South Africa,https://img.sofascore.com/api/v1/player/245495/image
277299,Thalente Mbatha,South Africa,https://crests.football-data.org/9396.svg,Midfield,2000-03-06,South Africa,https://img.sofascore.com/api/v1/player/277299/image
286003,Kamogelo Sebelebele,South Africa,https://crests.football-data.org/9396.svg,Midfield,2002-07-21,South Africa,https://img.sofascore.com/api/v1/player/286003/image
34760,Lyle Foster,South Africa,https://crests.football-data.org/9396.svg,Offence,2000-09-04,South Africa,https://img.sofascore.com/api/v1/player/34760/image
118915,Oswin Appollis,South Africa,https://crests.football-data.org/9396.svg,Offence,2001-08-25,South Africa,https://img.sofascore.com/api/v1/player/118915/image
124636,Iqraam Rayners,South Africa,https://crests.football-data.org/9396.svg,Offence,1995-12-19,South Africa,https://img.sofascore.com/api/v1/player/124636/image
245511,Evidence Makgopa,South Africa,https://crests.football-data.org/9396.svg,Offence,2000-06-05,South Africa,https://img.sofascore.com/api/v1/player/245511/image
270771,Relebohile Mofokeng,South Africa,https://crests.football-data.org/9396.svg,Offence,2004-10-23,South Africa,https://img.sofascore.com/api/v1/player/270771/image
287753,Tshepang Moremi,South Africa,https://crests.football-data.org/9396.svg,Offence,2000-10-02,South Africa,https://img.sofascore.com/api/v1/player/287753/image
3871,Luca Zidane,Algeria,https://crests.football-data.org/algeria.svg,Goalkeeper,1998-05-13,Algeria,https://img.sofascore.com/api/v1/player/3871/image
130440,Oussama Benbout,Algeria,https://crests.football-data.org/algeria.svg,Goalkeeper,1994-10-11,Algeria,https://img.sofascore.com/api/v1/player/130440/image
171469,Melvin Mastil,Algeria,https://crests.football-data.org/algeria.svg,Goalkeeper,2000-02-19,France,https://img.sofascore.com/api/v1/player/171469/image
19,Aïssa Mandi,Algeria,https://crests.football-data.org/algeria.svg,Defence,1991-10-22,Algeria,https://img.sofascore.com/api/v1/player/19/image
8642,Rayan Aït Nouri,Algeria,https://crests.football-data.org/algeria.svg,Defence,2001-06-06,Algeria,https://img.sofascore.com/api/v1/player/8642/image
8805,Ramy Bensebaini,Algeria,https://crests.football-data.org/algeria.svg,Defence,1995-04-16,Algeria,https://img.sofascore.com/api/v1/player/8805/image
116150,Samir Chergui,Algeria,https://crests.football-data.org/algeria.svg,Defence,1999-02-06,Algeria,https://img.sofascore.com/api/v1/player/116150/image
147891,Jaouen Hadjam,Algeria,https://crests.football-data.org/algeria.svg,Defence,2003-03-26,Algeria,https://img.sofascore.com/api/v1/player/147891/image
160756,Rafik Belghali,Algeria,https://crests.football-data.org/algeria.svg,Defence,2002-06-07,Algeria,https://img.sofascore.com/api/v1/player/160756/image
245545,Zinédine Belaïd,Algeria,https://crests.football-data.org/algeria.svg,Defence,1999-03-20,Algeria,https://img.sofascore.com/api/v1/player/245545/image
245574,Amine Tougai,Algeria,https://crests.football-data.org/algeria.svg,Defence,2000-01-22,Algeria,https://img.sofascore.com/api/v1/player/245574/image
6503,Nabil Bentaleb,Algeria,https://crests.football-data.org/algeria.svg,Midfield,1994-11-24,Algeria,https://img.sofascore.com/api/v1/player/6503/image
8466,Houssem Aouar,Algeria,https://crests.football-data.org/algeria.svg,Midfield,1998-06-30,Algeria,https://img.sofascore.com/api/v1/player/8466/image
123508,Hicham Boudaoui,Algeria,https://crests.football-data.org/algeria.svg,Midfield,1999-09-23,Algeria,https://img.sofascore.com/api/v1/player/123508/image
124715,Ramiz Zerrouki,Algeria,https://crests.football-data.org/algeria.svg,Midfield,1998-05-26,Algeria,https://img.sofascore.com/api/v1/player/124715/image
178658,Fares Chaïbi,Algeria,https://crests.football-data.org/algeria.svg,Midfield,2002-11-28,Algeria,https://img.sofascore.com/api/v1/player/178658/image
202532,Ibrahim Maza,Algeria,https://crests.football-data.org/algeria.svg,Midfield,2005-11-24,Algeria,https://img.sofascore.com/api/v1/player/202532/image
261523,Yacine Titraoui,Algeria,https://crests.football-data.org/algeria.svg,Midfield,2003-07-26,Algeria,https://img.sofascore.com/api/v1/player/261523/image
8069,Riyad Mahrez,Algeria,https://crests.football-data.org/algeria.svg,Offence,1991-02-21,Algeria,https://img.sofascore.com/api/v1/player/8069/image
8476,Amine Gouiri,Algeria,https://crests.football-data.org/algeria.svg,Offence,2000-02-16,Algeria,https://img.sofascore.com/api/v1/player/8476/image
180827,Mohammed Amoura,Algeria,https://crests.football-data.org/algeria.svg,Offence,2000-05-09,Algeria,https://img.sofascore.com/api/v1/player/180827/image
192676,Nadhir Benbouali,Algeria,https://crests.football-data.org/algeria.svg,Offence,2000-04-17,Algeria,https://img.sofascore.com/api/v1/player/192676/image
244466,Anis Moussa,Algeria,https://crests.football-data.org/algeria.svg,Offence,2002-02-11,Algeria,https://img.sofascore.com/api/v1/player/244466/image
245324,Farés Ghedjemis,Algeria,https://crests.football-data.org/algeria.svg,Offence,2002-09-06,Algeria,https://img.sofascore.com/api/v1/player/245324/image
3403,Maty Ryan,Australia,https://crests.football-data.org/779.svg,Goalkeeper,1992-04-08,Australia,https://img.sofascore.com/api/v1/player/3403/image
4697,Paul Izzo,Australia,https://crests.football-data.org/779.svg,Goalkeeper,1995-01-06,Australia,https://img.sofascore.com/api/v1/player/4697/image
3407,Aziz Behich,Australia,https://crests.football-data.org/779.svg,Defence,1990-12-16,Australia,https://img.sofascore.com/api/v1/player/3407/image
3410,Miloš Degenek,Australia,https://crests.football-data.org/779.svg,Defence,1994-04-28,Australia,https://img.sofascore.com/api/v1/player/3410/image
4646,Kye Rowles,Australia,https://crests.football-data.org/779.svg,Defence,1998-06-24,Australia,https://img.sofascore.com/api/v1/player/4646/image
4795,Jacob Italiano,Australia,https://crests.football-data.org/779.svg,Defence,2001-07-30,Australia,https://img.sofascore.com/api/v1/player/4795/image
5432,Cameron Burgess,Australia,https://crests.football-data.org/779.svg,Defence,1995-10-21,Australia,https://img.sofascore.com/api/v1/player/5432/image
56254,Jason Geria,Australia,https://crests.football-data.org/779.svg,Defence,1993-05-10,Australia,https://img.sofascore.com/api/v1/player/56254/image
176299,Jordan Bos,Australia,https://crests.football-data.org/779.svg,Defence,2002-10-29,Australia,https://img.sofascore.com/api/v1/player/176299/image
176730,Alessandro Circati,Australia,https://crests.football-data.org/779.svg,Defence,2003-10-10,Australia,https://img.sofascore.com/api/v1/player/176730/image
270733,Lucas Herrington,Australia,https://crests.football-data.org/779.svg,Defence,2007-09-05,Australia,https://img.sofascore.com/api/v1/player/270733/image
4525,Riley McGree,Australia,https://crests.football-data.org/779.svg,Midfield,1998-11-02,Australia,https://img.sofascore.com/api/v1/player/4525/image
4563,Kai Trewin,Australia,https://crests.football-data.org/779.svg,Midfield,2001-05-18,Australia,https://img.sofascore.com/api/v1/player/4563/image
4635,Connor Metcalfe,Australia,https://crests.football-data.org/779.svg,Midfield,1999-11-05,Australia,https://img.sofascore.com/api/v1/player/4635/image
7528,Ajdin Hrustic,Australia,https://crests.football-data.org/779.svg,Midfield,1996-07-05,Australia,https://img.sofascore.com/api/v1/player/7528/image
8053,Aiden O'Neill,Australia,https://crests.football-data.org/779.svg,Midfield,1998-07-04,Australia,https://img.sofascore.com/api/v1/player/8053/image
165042,Patrick Yazbek,Australia,https://crests.football-data.org/779.svg,Midfield,2002-08-22,Australia,https://img.sofascore.com/api/v1/player/165042/image
170584,Alex Robertson,Australia,https://crests.football-data.org/779.svg,Midfield,2003-04-17,Australia,https://img.sofascore.com/api/v1/player/170584/image
263718,Paul Okon-Engstler,Australia,https://crests.football-data.org/779.svg,Midfield,2005-01-24,Australia,https://img.sofascore.com/api/v1/player/263718/image
34644,Martin Boyle,Australia,https://crests.football-data.org/779.svg,Offence,1993-04-25,Australia,https://img.sofascore.com/api/v1/player/34644/image
45143,Awer Mabil,Australia,https://crests.football-data.org/779.svg,Offence,1995-09-15,Australia,https://img.sofascore.com/api/v1/player/45143/image
147641,Deni Jurić,Australia,https://crests.football-data.org/779.svg,Offence,1997-09-03,Australia,https://img.sofascore.com/api/v1/player/147641/image
167783,Nishan Velupillay,Australia,https://crests.football-data.org/779.svg,Offence,2001-05-07,Australia,https://img.sofascore.com/api/v1/player/167783/image
177187,Nestory Irankunda,Australia,https://crests.football-data.org/779.svg,Offence,2006-02-09,Australia,https://img.sofascore.com/api/v1/player/177187/image
292208,Ante Šuto,Australia,https://crests.football-data.org/779.svg,Offence,2000-06-19,Australia,https://img.sofascore.com/api/v1/player/292208/image
48418,Max Crocombe,New Zealand,https://crests.football-data.org/783.svg,Goalkeeper,1993-08-12,New Zealand,https://img.sofascore.com/api/v1/player/48418/image
80167,Michael Woud,New Zealand,https://crests.football-data.org/783.svg,Goalkeeper,1999-01-16,New Zealand,https://img.sofascore.com/api/v1/player/80167/image
176204,Alex Paulsen,New Zealand,https://crests.football-data.org/783.svg,Goalkeeper,2002-07-04,New Zealand,https://img.sofascore.com/api/v1/player/176204/image
4690,Liberato Cacace,New Zealand,https://crests.football-data.org/783.svg,Defence,2000-09-27,New Zealand,https://img.sofascore.com/api/v1/player/4690/image
11392,Tommy Smith,New Zealand,https://crests.football-data.org/783.svg,Defence,1990-03-31,New Zealand,https://img.sofascore.com/api/v1/player/11392/image
77036,Michael Boxall,New Zealand,https://crests.football-data.org/783.svg,Defence,1988-08-18,New Zealand,https://img.sofascore.com/api/v1/player/77036/image
111787,Francis De Vries,New Zealand,https://crests.football-data.org/783.svg,Defence,1994-11-28,New Zealand,https://img.sofascore.com/api/v1/player/111787/image
113754,Callan Elliot,New Zealand,https://crests.football-data.org/783.svg,Defence,1999-07-07,New Zealand,https://img.sofascore.com/api/v1/player/113754/image
125116,Tim Payne,New Zealand,https://crests.football-data.org/783.svg,Defence,1994-01-10,New Zealand,https://img.sofascore.com/api/v1/player/125116/image
146549,Nando Pijnaker,New Zealand,https://crests.football-data.org/783.svg,Defence,1999-02-25,New Zealand,https://img.sofascore.com/api/v1/player/146549/image
176993,Finn Surman,New Zealand,https://crests.football-data.org/783.svg,Defence,2003-09-23,New Zealand,https://img.sofascore.com/api/v1/player/176993/image
214425,Tyler Bindon,New Zealand,https://crests.football-data.org/783.svg,Defence,2005-01-27,New Zealand,https://img.sofascore.com/api/v1/player/214425/image
4680,Alex Rufer,New Zealand,https://crests.football-data.org/783.svg,Midfield,1996-06-12,New Zealand,https://img.sofascore.com/api/v1/player/4680/image
4684,Sarpreet Singh,New Zealand,https://crests.football-data.org/783.svg,Midfield,1999-02-20,New Zealand,https://img.sofascore.com/api/v1/player/4684/image
7723,Ryan Thomas,New Zealand,https://crests.football-data.org/783.svg,Midfield,1994-12-20,New Zealand,https://img.sofascore.com/api/v1/player/7723/image
125117,Callum McCowatt,New Zealand,https://crests.football-data.org/783.svg,Midfield,1999-04-30,New Zealand,https://img.sofascore.com/api/v1/player/125117/image
144646,Joe Bell,New Zealand,https://crests.football-data.org/783.svg,Midfield,1999-04-27,New Zealand,https://img.sofascore.com/api/v1/player/144646/image
156513,Marko Stamenic,New Zealand,https://crests.football-data.org/783.svg,Midfield,2002-02-19,New Zealand,https://img.sofascore.com/api/v1/player/156513/image
177602,Ben Old,New Zealand,https://crests.football-data.org/783.svg,Midfield,2002-08-13,New Zealand,https://img.sofascore.com/api/v1/player/177602/image
4593,Kosta Barbarouses,New Zealand,https://crests.football-data.org/783.svg,Offence,1990-02-19,New Zealand,https://img.sofascore.com/api/v1/player/4593/image
8057,Chris Wood,New Zealand,https://crests.football-data.org/783.svg,Offence,1991-12-07,New Zealand,https://img.sofascore.com/api/v1/player/8057/image
82829,Ben Waine,New Zealand,https://crests.football-data.org/783.svg,Offence,2001-06-11,New Zealand,https://img.sofascore.com/api/v1/player/82829/image
118981,Elijah Just,New Zealand,https://crests.football-data.org/783.svg,Offence,2000-05-01,New Zealand,https://img.sofascore.com/api/v1/player/118981/image
185023,Matthew Garbett,New Zealand,https://crests.football-data.org/783.svg,Offence,2002-04-13,New Zealand,https://img.sofascore.com/api/v1/player/185023/image
218039,Lachlan Bayliss,New Zealand,https://crests.football-data.org/783.svg,Offence,2002-07-24,New Zealand,https://img.sofascore.com/api/v1/player/218039/image
261259,Jesse Randall,New Zealand,https://crests.football-data.org/783.svg,Offence,2002-08-19,New Zealand,https://img.sofascore.com/api/v1/player/261259/image
334,Gregor Kobel,Switzerland,https://crests.football-data.org/788.svg,Goalkeeper,1997-12-06,Switzerland,https://img.sofascore.com/api/v1/player/334/image
9534,Yvon Mvogo,Switzerland,https://crests.football-data.org/788.svg,Goalkeeper,1994-06-06,Switzerland,https://img.sofascore.com/api/v1/player/9534/image
205190,Marvin Keller,Switzerland,https://crests.football-data.org/788.svg,Goalkeeper,2002-07-03,Switzerland,https://img.sofascore.com/api/v1/player/205190/image
143,Manuel Akanji,Switzerland,https://crests.football-data.org/788.svg,Defence,1995-07-19,Switzerland,https://img.sofascore.com/api/v1/player/143/image
1745,Ricardo Rodriguez,Switzerland,https://crests.football-data.org/788.svg,Defence,1992-08-25,Switzerland,https://img.sofascore.com/api/v1/player/1745/image
2114,Silvan Widmer,Switzerland,https://crests.football-data.org/788.svg,Defence,1993-03-05,Switzerland,https://img.sofascore.com/api/v1/player/2114/image
3475,Nico Elvedi,Switzerland,https://crests.football-data.org/788.svg,Defence,1996-09-30,Switzerland,https://img.sofascore.com/api/v1/player/3475/image
30823,Eray Cömert,Switzerland,https://crests.football-data.org/788.svg,Defence,1998-02-04,Switzerland,https://img.sofascore.com/api/v1/player/30823/image
50215,Miro Muheim,Switzerland,https://crests.football-data.org/788.svg,Defence,1998-03-24,Switzerland,https://img.sofascore.com/api/v1/player/50215/image
169297,Aurele Amenda,Switzerland,https://crests.football-data.org/788.svg,Defence,2003-07-31,Switzerland,https://img.sofascore.com/api/v1/player/169297/image
176711,Luca Jaquez,Switzerland,https://crests.football-data.org/788.svg,Defence,2003-06-02,Switzerland,https://img.sofascore.com/api/v1/player/176711/image
1841,Remo Freuler,Switzerland,https://crests.football-data.org/788.svg,Midfield,1992-04-15,Switzerland,https://img.sofascore.com/api/v1/player/1841/image
3477,Granit Xhaka,Switzerland,https://crests.football-data.org/788.svg,Midfield,1992-09-27,Switzerland,https://img.sofascore.com/api/v1/player/3477/image
6687,Denis Zakaria,Switzerland,https://crests.football-data.org/788.svg,Midfield,1996-11-20,Switzerland,https://img.sofascore.com/api/v1/player/6687/image
16265,Michel Aebischer,Switzerland,https://crests.football-data.org/788.svg,Midfield,1997-01-06,Switzerland,https://img.sofascore.com/api/v1/player/16265/image
16275,Djibril Sow,Switzerland,https://crests.football-data.org/788.svg,Midfield,1997-02-06,Switzerland,https://img.sofascore.com/api/v1/player/16275/image
16281,Christian Fassnacht,Switzerland,https://crests.football-data.org/788.svg,Midfield,1993-11-11,Switzerland,https://img.sofascore.com/api/v1/player/16281/image
31913,Ruben Vargas,Switzerland,https://crests.football-data.org/788.svg,Midfield,1998-08-05,Switzerland,https://img.sofascore.com/api/v1/player/31913/image
144909,Ardon Jasari,Switzerland,https://crests.football-data.org/788.svg,Midfield,2002-07-30,Switzerland,https://img.sofascore.com/api/v1/player/144909/image
152692,Fabian Rieder,Switzerland,https://crests.football-data.org/788.svg,Midfield,2002-02-16,Switzerland,https://img.sofascore.com/api/v1/player/152692/image
212309,Johan Manzambi,Switzerland,https://crests.football-data.org/788.svg,Midfield,2005-10-14,Switzerland,https://img.sofascore.com/api/v1/player/212309/image
3483,Breel Embolo,Switzerland,https://crests.football-data.org/788.svg,Offence,1997-02-14,Switzerland,https://img.sofascore.com/api/v1/player/3483/image
16058,Noah Okafor,Switzerland,https://crests.football-data.org/788.svg,Offence,2000-05-24,Switzerland,https://img.sofascore.com/api/v1/player/16058/image
30780,Cédric Itten,Switzerland,https://crests.football-data.org/788.svg,Offence,1996-12-27,Switzerland,https://img.sofascore.com/api/v1/player/30780/image
77641,Dan Ndoye,Switzerland,https://crests.football-data.org/788.svg,Offence,2000-10-25,Switzerland,https://img.sofascore.com/api/v1/player/77641/image
122313,Zeki Amdouni,Switzerland,https://crests.football-data.org/788.svg,Offence,2000-12-04,Switzerland,https://img.sofascore.com/api/v1/player/122313/image
24545,Hernán Galíndez,Ecuador,https://crests.football-data.org/791.svg,Goalkeeper,1987-03-30,Ecuador,https://img.sofascore.com/api/v1/player/24545/image
24881,Gonzalo Valle,Ecuador,https://crests.football-data.org/791.svg,Goalkeeper,1996-02-28,Ecuador,https://img.sofascore.com/api/v1/player/24881/image
169139,Moisés Ramírez,Ecuador,https://crests.football-data.org/791.svg,Goalkeeper,2000-09-09,Ecuador,https://img.sofascore.com/api/v1/player/169139/image
24673,Ángelo Preciado,Ecuador,https://crests.football-data.org/791.svg,Defence,1998-02-18,Ecuador,https://img.sofascore.com/api/v1/player/24673/image
24740,Félix Torres,Ecuador,https://crests.football-data.org/791.svg,Defence,1997-01-11,Ecuador,https://img.sofascore.com/api/v1/player/24740/image
32642,Pervis Estupiñán,Ecuador,https://crests.football-data.org/791.svg,Defence,1998-01-21,Ecuador,https://img.sofascore.com/api/v1/player/32642/image
114102,William Pacho,Ecuador,https://crests.football-data.org/791.svg,Defence,2001-10-16,Ecuador,https://img.sofascore.com/api/v1/player/114102/image
114331,Jackson Porozo,Ecuador,https://crests.football-data.org/791.svg,Defence,2000-08-04,Ecuador,https://img.sofascore.com/api/v1/player/114331/image
125674,Piero Hincapié,Ecuador,https://crests.football-data.org/791.svg,Defence,2002-01-09,Ecuador,https://img.sofascore.com/api/v1/player/125674/image
178928,Joel Ordoñez,Ecuador,https://crests.football-data.org/791.svg,Defence,2004-04-21,Ecuador,https://img.sofascore.com/api/v1/player/178928/image
192819,Yaimar Medina,Ecuador,https://crests.football-data.org/791.svg,Defence,2004-11-05,Ecuador,https://img.sofascore.com/api/v1/player/192819/image
24670,Alan Franco,Ecuador,https://crests.football-data.org/791.svg,Midfield,1998-08-21,Ecuador,https://img.sofascore.com/api/v1/player/24670/image
24988,Jordy Alcívar,Ecuador,https://crests.football-data.org/791.svg,Midfield,1999-08-05,Ecuador,https://img.sofascore.com/api/v1/player/24988/image
56066,Gonzalo Plata,Ecuador,https://crests.football-data.org/791.svg,Midfield,2000-11-01,Ecuador,https://img.sofascore.com/api/v1/player/56066/image
121103,Moisés Caicedo,Ecuador,https://crests.football-data.org/791.svg,Midfield,2001-11-02,Ecuador,https://img.sofascore.com/api/v1/player/121103/image
166131,Pedro Vite,Ecuador,https://crests.football-data.org/791.svg,Midfield,2002-03-09,Ecuador,https://img.sofascore.com/api/v1/player/166131/image
179174,Alan Minda,Ecuador,https://crests.football-data.org/791.svg,Midfield,2003-05-14,Ecuador,https://img.sofascore.com/api/v1/player/179174/image
206097,Kendry Paez,Ecuador,https://crests.football-data.org/791.svg,Midfield,2007-05-04,Ecuador,https://img.sofascore.com/api/v1/player/206097/image
212692,Denil Castillo,Ecuador,https://crests.football-data.org/791.svg,Midfield,2004-03-24,Ecuador,https://img.sofascore.com/api/v1/player/212692/image
24562,Jordy Caicedo,Ecuador,https://crests.football-data.org/791.svg,Offence,1997-11-18,Ecuador,https://img.sofascore.com/api/v1/player/24562/image
40009,Enner Valencia,Ecuador,https://crests.football-data.org/791.svg,Offence,1989-11-04,Ecuador,https://img.sofascore.com/api/v1/player/40009/image
98549,John Yeboah,Ecuador,https://crests.football-data.org/791.svg,Offence,2000-06-23,Ecuador,https://img.sofascore.com/api/v1/player/98549/image
178940,Anthony Valencia,Ecuador,https://crests.football-data.org/791.svg,Offence,2003-07-21,Ecuador,https://img.sofascore.com/api/v1/player/178940/image
187375,Nilson Angulo,Ecuador,https://crests.football-data.org/791.svg,Offence,2003-06-19,Ecuador,https://img.sofascore.com/api/v1/player/187375/image
189975,Kevin Rodríguez,Ecuador,https://crests.football-data.org/791.svg,Offence,2000-03-04,Ecuador,https://img.sofascore.com/api/v1/player/189975/image
215510,Jeremy,Ecuador,https://crests.football-data.org/791.svg,Offence,2005-03-19,Spain,https://img.sofascore.com/api/v1/player/215510/image
3484,Kristoffer Nordfeldt,Sweden,https://crests.football-data.org/792.svg,Goalkeeper,1989-06-23,Sweden,https://img.sofascore.com/api/v1/player/3484/image
149732,Viktor Johansson,Sweden,https://crests.football-data.org/792.svg,Goalkeeper,1998-09-14,Sweden,https://img.sofascore.com/api/v1/player/149732/image
180671,Jacob Widell Zetterström,Sweden,https://crests.football-data.org/792.svg,Goalkeeper,1998-07-11,Sweden,https://img.sofascore.com/api/v1/player/180671/image
3492,Victor Nilsson-Lindelöf,Sweden,https://crests.football-data.org/792.svg,Defence,1994-07-17,Sweden,https://img.sofascore.com/api/v1/player/3492/image
31019,Carl Starfelt,Sweden,https://crests.football-data.org/792.svg,Defence,1995-06-01,Sweden,https://img.sofascore.com/api/v1/player/31019/image
31531,Gabriel Gudmundsson,Sweden,https://crests.football-data.org/792.svg,Defence,1999-04-29,Sweden,https://img.sofascore.com/api/v1/player/31531/image
31560,Hjalmar Ekdal,Sweden,https://crests.football-data.org/792.svg,Defence,1998-10-21,Sweden,https://img.sofascore.com/api/v1/player/31560/image
31926,Eric Smith,Sweden,https://crests.football-data.org/792.svg,Defence,1997-01-08,Sweden,https://img.sofascore.com/api/v1/player/31926/image
145937,Daniel Svensson,Sweden,https://crests.football-data.org/792.svg,Defence,2002-02-12,Sweden,https://img.sofascore.com/api/v1/player/145937/image
166538,Gustaf Lagerbielke,Sweden,https://crests.football-data.org/792.svg,Defence,2000-04-10,Sweden,https://img.sofascore.com/api/v1/player/166538/image
167031,Isak Hien,Sweden,https://crests.football-data.org/792.svg,Defence,1999-01-13,Sweden,https://img.sofascore.com/api/v1/player/167031/image
167409,Herman Johansson,Sweden,https://crests.football-data.org/792.svg,Defence,1997-10-16,Sweden,https://img.sofascore.com/api/v1/player/167409/image
192811,Elliot Stroud,Sweden,https://crests.football-data.org/792.svg,Defence,2002-06-22,Sweden,https://img.sofascore.com/api/v1/player/192811/image
3500,Ken Sema,Sweden,https://crests.football-data.org/792.svg,Midfield,1993-09-30,Sweden,https://img.sofascore.com/api/v1/player/3500/image
15354,Mattias Svanberg,Sweden,https://crests.football-data.org/792.svg,Midfield,1999-01-05,Sweden,https://img.sofascore.com/api/v1/player/15354/image
31065,Jesper Karlström,Sweden,https://crests.football-data.org/792.svg,Midfield,1995-06-21,Sweden,https://img.sofascore.com/api/v1/player/31065/image
145613,Yasin Ayari,Sweden,https://crests.football-data.org/792.svg,Midfield,2003-10-06,Sweden,https://img.sofascore.com/api/v1/player/145613/image
180627,Besfort Zeneli,Sweden,https://crests.football-data.org/792.svg,Midfield,2002-11-21,Sweden,https://img.sofascore.com/api/v1/player/180627/image
180673,Taha Ali,Sweden,https://crests.football-data.org/792.svg,Midfield,1998-07-01,Sweden,https://img.sofascore.com/api/v1/player/180673/image
193622,Lucas Bergvall,Sweden,https://crests.football-data.org/792.svg,Midfield,2006-02-02,Sweden,https://img.sofascore.com/api/v1/player/193622/image
6486,Alexander Isak,Sweden,https://crests.football-data.org/792.svg,Offence,1999-09-21,Sweden,https://img.sofascore.com/api/v1/player/6486/image
8279,Viktor Gyökeres,Sweden,https://crests.football-data.org/792.svg,Offence,1998-06-04,Sweden,https://img.sofascore.com/api/v1/player/8279/image
24083,Gustaf Nilsson,Sweden,https://crests.football-data.org/792.svg,Offence,1997-05-23,Sweden,https://img.sofascore.com/api/v1/player/24083/image
72511,Benjamin Nygren,Sweden,https://crests.football-data.org/792.svg,Offence,2001-07-08,Sweden,https://img.sofascore.com/api/v1/player/72511/image
111622,Alexander Bernhardsson,Sweden,https://crests.football-data.org/792.svg,Offence,1998-09-08,Sweden,https://img.sofascore.com/api/v1/player/111622/image
166376,Anthony Elanga,Sweden,https://crests.football-data.org/792.svg,Offence,2002-04-27,Sweden,https://img.sofascore.com/api/v1/player/166376/image
120246,Jindřich Staněk,Czechia,https://crests.football-data.org/798.svg,Goalkeeper,1996-04-27,Czech Republic,https://img.sofascore.com/api/v1/player/120246/image
136350,Matej Kovar,Czechia,https://crests.football-data.org/798.svg,Goalkeeper,2000-05-17,Czech Republic,https://img.sofascore.com/api/v1/player/136350/image
146753,Lukáš Horníček,Czechia,https://crests.football-data.org/798.svg,Goalkeeper,2002-07-13,Czech Republic,https://img.sofascore.com/api/v1/player/146753/image
62493,Ladislav Krejčí,Czechia,https://crests.football-data.org/798.svg,Defence,1999-04-20,Czech Republic,https://img.sofascore.com/api/v1/player/62493/image
62536,Jaroslav Zelený,Czechia,https://crests.football-data.org/798.svg,Defence,1992-08-20,Czech Republic,https://img.sofascore.com/api/v1/player/62536/image
62631,Vladimir Coufal,Czechia,https://crests.football-data.org/798.svg,Defence,1992-08-22,Czech Republic,https://img.sofascore.com/api/v1/player/62631/image
62769,Tomáš Holeš,Czechia,https://crests.football-data.org/798.svg,Defence,1993-03-31,Czech Republic,https://img.sofascore.com/api/v1/player/62769/image
127813,David Zima,Czechia,https://crests.football-data.org/798.svg,Defence,2000-11-08,Czech Republic,https://img.sofascore.com/api/v1/player/127813/image
146716,David Jurásek,Czechia,https://crests.football-data.org/798.svg,Defence,2000-08-07,Czech Republic,https://img.sofascore.com/api/v1/player/146716/image
188239,Robin Hranac,Czechia,https://crests.football-data.org/798.svg,Defence,2000-01-29,Czech Republic,https://img.sofascore.com/api/v1/player/188239/image
254530,Štěpán Chaloupek,Czechia,https://crests.football-data.org/798.svg,Defence,2003-03-08,Czech Republic,https://img.sofascore.com/api/v1/player/254530/image
6556,Vladimír Darida,Czechia,https://crests.football-data.org/798.svg,Midfield,1990-08-08,Czech Republic,https://img.sofascore.com/api/v1/player/6556/image
15742,Tomáš Souček,Czechia,https://crests.football-data.org/798.svg,Midfield,1995-02-27,Czech Republic,https://img.sofascore.com/api/v1/player/15742/image
62821,David Douděra,Czechia,https://crests.football-data.org/798.svg,Midfield,1998-05-31,Czech Republic,https://img.sofascore.com/api/v1/player/62821/image
67970,Michal Sadílek,Czechia,https://crests.football-data.org/798.svg,Midfield,1999-05-31,Czech Republic,https://img.sofascore.com/api/v1/player/67970/image
120279,Lukáš Provod,Czechia,https://crests.football-data.org/798.svg,Midfield,1996-10-23,Czech Republic,https://img.sofascore.com/api/v1/player/120279/image
121312,Pavel Šulc,Czechia,https://crests.football-data.org/798.svg,Midfield,2000-12-29,Czech Republic,https://img.sofascore.com/api/v1/player/121312/image
145322,Lukáš Červ,Czechia,https://crests.football-data.org/798.svg,Midfield,2001-04-10,Czech Republic,https://img.sofascore.com/api/v1/player/145322/image
154082,Denis Višinský,Czechia,https://crests.football-data.org/798.svg,Midfield,2003-03-21,Czech Republic,https://img.sofascore.com/api/v1/player/154082/image
269966,Alexandr Sojka,Czechia,https://crests.football-data.org/798.svg,Midfield,2003-04-02,Czech Republic,https://img.sofascore.com/api/v1/player/269966/image
293648,Hugo Sochůrek,Czechia,https://crests.football-data.org/798.svg,Midfield,2008-06-07,Czech Republic,https://img.sofascore.com/api/v1/player/293648/image
1826,Patrik Schick,Czechia,https://crests.football-data.org/798.svg,Offence,1996-01-24,Czech Republic,https://img.sofascore.com/api/v1/player/1826/image
16396,Tomáš Chorý,Czechia,https://crests.football-data.org/798.svg,Offence,1995-01-26,Czech Republic,https://img.sofascore.com/api/v1/player/16396/image
62726,Jan Kuchta,Czechia,https://crests.football-data.org/798.svg,Offence,1997-01-08,Czech Republic,https://img.sofascore.com/api/v1/player/62726/image
99042,Adam Hložek,Czechia,https://crests.football-data.org/798.svg,Offence,2002-07-25,Czech Republic,https://img.sofascore.com/api/v1/player/99042/image
99752,Mojmír Chytil,Czechia,https://crests.football-data.org/798.svg,Offence,1999-04-29,Czech Republic,https://img.sofascore.com/api/v1/player/99752/image
3548,Dominik Livaković,Croatia,https://crests.football-data.org/799.svg,Goalkeeper,1995-01-09,Croatia,https://img.sofascore.com/api/v1/player/3548/image
16577,Ivor Pandur,Croatia,https://crests.football-data.org/799.svg,Goalkeeper,2000-03-25,Croatia,https://img.sofascore.com/api/v1/player/16577/image
67883,Dominik Kotarski,Croatia,https://crests.football-data.org/799.svg,Goalkeeper,2000-02-10,Croatia,https://img.sofascore.com/api/v1/player/67883/image
10206,Duje Ćaleta-Car,Croatia,https://crests.football-data.org/799.svg,Defence,1996-09-17,Croatia,https://img.sofascore.com/api/v1/player/10206/image
15110,Marin Pongračić,Croatia,https://crests.football-data.org/799.svg,Defence,1997-09-11,Croatia,https://img.sofascore.com/api/v1/player/15110/image
74268,Martin Erlic,Croatia,https://crests.football-data.org/799.svg,Defence,1998-01-24,Croatia,https://img.sofascore.com/api/v1/player/74268/image
122188,Josip Stanišić,Croatia,https://crests.football-data.org/799.svg,Defence,2000-04-02,Croatia,https://img.sofascore.com/api/v1/player/122188/image
122266,Joško Gvardiol,Croatia,https://crests.football-data.org/799.svg,Defence,2002-01-23,Croatia,https://img.sofascore.com/api/v1/player/122266/image
134835,Josip Šutalo,Croatia,https://crests.football-data.org/799.svg,Defence,2000-02-28,Croatia,https://img.sofascore.com/api/v1/player/134835/image
216835,Luka Vušković,Croatia,https://crests.football-data.org/799.svg,Defence,2007-02-24,Croatia,https://img.sofascore.com/api/v1/player/216835/image
43,Luka Modrić,Croatia,https://crests.football-data.org/799.svg,Midfield,1985-09-09,Croatia,https://img.sofascore.com/api/v1/player/43/image
65,Mateo Kovačić,Croatia,https://crests.football-data.org/799.svg,Midfield,1994-05-06,Croatia,https://img.sofascore.com/api/v1/player/65/image
3553,Mario Pašalić,Croatia,https://crests.football-data.org/799.svg,Midfield,1995-02-09,Croatia,https://img.sofascore.com/api/v1/player/3553/image
7843,Nikola Vlašić,Croatia,https://crests.football-data.org/799.svg,Midfield,1997-10-04,Croatia,https://img.sofascore.com/api/v1/player/7843/image
23135,Nikola Moro,Croatia,https://crests.football-data.org/799.svg,Midfield,1998-03-12,Croatia,https://img.sofascore.com/api/v1/player/23135/image
23222,Kristijan Jakić,Croatia,https://crests.football-data.org/799.svg,Midfield,1997-05-14,Croatia,https://img.sofascore.com/api/v1/player/23222/image
82516,Luka Sučić,Croatia,https://crests.football-data.org/799.svg,Midfield,2002-09-08,Croatia,https://img.sofascore.com/api/v1/player/82516/image
154013,Petar Sucic,Croatia,https://crests.football-data.org/799.svg,Midfield,2003-10-25,Croatia,https://img.sofascore.com/api/v1/player/154013/image
156912,Martin Baturina,Croatia,https://crests.football-data.org/799.svg,Midfield,2003-02-16,Croatia,https://img.sofascore.com/api/v1/player/156912/image
216138,Toni Fruk,Croatia,https://crests.football-data.org/799.svg,Midfield,2001-03-09,Croatia,https://img.sofascore.com/api/v1/player/216138/image
318,Andrej Kramarić,Croatia,https://crests.football-data.org/799.svg,Offence,1991-06-19,Croatia,https://img.sofascore.com/api/v1/player/318/image
2004,Ivan Perišić,Croatia,https://crests.football-data.org/799.svg,Offence,1989-02-02,Croatia,https://img.sofascore.com/api/v1/player/2004/image
2237,Ante Budimir,Croatia,https://crests.football-data.org/799.svg,Offence,1991-07-22,Croatia,https://img.sofascore.com/api/v1/player/2237/image
56589,Petar Musa,Croatia,https://crests.football-data.org/799.svg,Offence,1998-03-04,Croatia,https://img.sofascore.com/api/v1/player/56589/image
150052,Marco Pašalić,Croatia,https://crests.football-data.org/799.svg,Offence,2000-09-14,Croatia,https://img.sofascore.com/api/v1/player/150052/image
156629,Igor Matanovic,Croatia,https://crests.football-data.org/799.svg,Offence,2003-03-31,Croatia,https://img.sofascore.com/api/v1/player/156629/image
3561,Mohammed Al Owais,Saudi Arabia,https://crests.football-data.org/saudi_arabia.svg,Goalkeeper,1991-10-10,Saudi Arabia,https://img.sofascore.com/api/v1/player/3561/image
233580,Nawaf Al Aqidi,Saudi Arabia,https://crests.football-data.org/saudi_arabia.svg,Goalkeeper,2000-05-10,Saudi Arabia,https://img.sofascore.com/api/v1/player/233580/image
249787,Ahmed Al Kassar,Saudi Arabia,https://crests.football-data.org/saudi_arabia.svg,Goalkeeper,1991-05-08,Saudi Arabia,https://img.sofascore.com/api/v1/player/249787/image
103094,Abdulelah Al Amri,Saudi Arabia,https://crests.football-data.org/saudi_arabia.svg,Defence,1997-01-15,Saudi Arabia,https://img.sofascore.com/api/v1/player/103094/image
129098,Saud Abdulhamid,Saudi Arabia,https://crests.football-data.org/saudi_arabia.svg,Defence,1999-07-18,Saudi Arabia,https://img.sofascore.com/api/v1/player/129098/image
132018,Ali Lajami,Saudi Arabia,https://crests.football-data.org/saudi_arabia.svg,Defence,1996-04-24,Saudi Arabia,https://img.sofascore.com/api/v1/player/132018/image
244368,Hassan Al Tambakti,Saudi Arabia,https://crests.football-data.org/saudi_arabia.svg,Defence,1999-02-09,Saudi Arabia,https://img.sofascore.com/api/v1/player/244368/image
244552,Hassan Kadesh,Saudi Arabia,https://crests.football-data.org/saudi_arabia.svg,Defence,1992-09-27,Saudi Arabia,https://img.sofascore.com/api/v1/player/244552/image
253246,Moteb Al Harbi,Saudi Arabia,https://crests.football-data.org/saudi_arabia.svg,Defence,2000-02-20,Saudi Arabia,https://img.sofascore.com/api/v1/player/253246/image
3574,Salem Al Dawsari,Saudi Arabia,https://crests.football-data.org/saudi_arabia.svg,Midfield,1991-08-19,Saudi Arabia,https://img.sofascore.com/api/v1/player/3574/image
3583,Abdullah Al Khaibari,Saudi Arabia,https://crests.football-data.org/saudi_arabia.svg,Midfield,1996-08-16,Saudi Arabia,https://img.sofascore.com/api/v1/player/3583/image
166119,Nasser Al Dawsari,Saudi Arabia,https://crests.football-data.org/saudi_arabia.svg,Midfield,1998-12-19,Saudi Arabia,https://img.sofascore.com/api/v1/player/166119/image
189703,Ayman Yahya,Saudi Arabia,https://crests.football-data.org/saudi_arabia.svg,Midfield,2001-05-14,Saudi Arabia,https://img.sofascore.com/api/v1/player/189703/image
248781,Musab Al Juwayr,Saudi Arabia,https://crests.football-data.org/saudi_arabia.svg,Midfield,2003-06-20,Saudi Arabia,https://img.sofascore.com/api/v1/player/248781/image
248783,Mohammed Kanno,Saudi Arabia,https://crests.football-data.org/saudi_arabia.svg,Midfield,1994-09-22,Saudi Arabia,https://img.sofascore.com/api/v1/player/248783/image
114373,Sultan Mandash,Saudi Arabia,https://crests.football-data.org/saudi_arabia.svg,Offence,1994-10-17,Saudi Arabia,https://img.sofascore.com/api/v1/player/114373/image
166114,Saleh Al Shehri,Saudi Arabia,https://crests.football-data.org/saudi_arabia.svg,Offence,1993-11-01,Saudi Arabia,https://img.sofascore.com/api/v1/player/166114/image
189799,Abdullah Al-Hamdan,Saudi Arabia,https://crests.football-data.org/saudi_arabia.svg,Offence,1999-09-12,,https://img.sofascore.com/api/v1/player/189799/image
244411,Khalid Al Ghannam,Saudi Arabia,https://crests.football-data.org/saudi_arabia.svg,Offence,2000-11-07,Saudi Arabia,https://img.sofascore.com/api/v1/player/244411/image
249786,Firas Al Brikan,Saudi Arabia,https://crests.football-data.org/saudi_arabia.svg,Offence,2000-05-14,Saudi Arabia,https://img.sofascore.com/api/v1/player/249786/image
99393,Aymen Dahmen,Tunisia,https://crests.football-data.org/tunisia.svg,Goalkeeper,1997-01-28,Tunisia,https://img.sofascore.com/api/v1/player/99393/image
3595,Dylan Bronn,Tunisia,https://crests.football-data.org/tunisia.svg,Defence,1995-06-19,Tunisia,https://img.sofascore.com/api/v1/player/3595/image
99394,Ali El Abdi,Tunisia,https://crests.football-data.org/tunisia.svg,Defence,1993-12-20,Tunisia,https://img.sofascore.com/api/v1/player/99394/image
99799,Yan Valery,Tunisia,https://crests.football-data.org/tunisia.svg,Defence,1999-02-22,Tunisia,https://img.sofascore.com/api/v1/player/99799/image
130471,Mortadha Ben Ouanes,Tunisia,https://crests.football-data.org/tunisia.svg,Defence,1994-07-02,Tunisia,https://img.sofascore.com/api/v1/player/130471/image
144669,Omar Rekik,Tunisia,https://crests.football-data.org/tunisia.svg,Defence,2001-12-20,Tunisia,https://img.sofascore.com/api/v1/player/144669/image
173578,Yassine Chikhaoui,Tunisia,https://crests.football-data.org/tunisia.svg,Defence,2004-06-09,,https://img.sofascore.com/api/v1/player/173578/image
177695,Montassar Talbi,Tunisia,https://crests.football-data.org/tunisia.svg,Defence,1998-05-26,Tunisia,https://img.sofascore.com/api/v1/player/177695/image
189007,Moutaz Neffati,Tunisia,https://crests.football-data.org/tunisia.svg,Defence,2004-09-04,Tunisia,https://img.sofascore.com/api/v1/player/189007/image
273918,Mohamed Amine Ben Hamida,Tunisia,https://crests.football-data.org/tunisia.svg,Defence,1995-12-15,Tunisia,https://img.sofascore.com/api/v1/player/273918/image
285769,Adem Arous,Tunisia,https://crests.football-data.org/tunisia.svg,Defence,2004-07-17,Tunisia,https://img.sofascore.com/api/v1/player/285769/image
3608,Ellyes Skhiri,Tunisia,https://crests.football-data.org/tunisia.svg,Midfield,1995-05-10,Tunisia,https://img.sofascore.com/api/v1/player/3608/image
6657,Rani Khedira,Tunisia,https://crests.football-data.org/tunisia.svg,Midfield,1994-01-27,Germany,https://img.sofascore.com/api/v1/player/6657/image
141826,Anis Ben Slimane,Tunisia,https://crests.football-data.org/tunisia.svg,Midfield,2001-03-16,Tunisia,https://img.sofascore.com/api/v1/player/141826/image
161414,Ismaël Gharbi,Tunisia,https://crests.football-data.org/tunisia.svg,Midfield,2004-04-10,Tunisia,https://img.sofascore.com/api/v1/player/161414/image
169325,Hannibal Mejbri,Tunisia,https://crests.football-data.org/tunisia.svg,Midfield,2003-01-21,Tunisia,https://img.sofascore.com/api/v1/player/169325/image
171368,Elias Achouri,Tunisia,https://crests.football-data.org/tunisia.svg,Midfield,1999-02-10,Tunisia,https://img.sofascore.com/api/v1/player/171368/image
172854,Hadj Mahmoud,Tunisia,https://crests.football-data.org/tunisia.svg,Midfield,2000-04-24,Tunisia,https://img.sofascore.com/api/v1/player/172854/image
95125,Sebastian Tounekti,Tunisia,https://crests.football-data.org/tunisia.svg,Offence,2002-07-13,Norway,https://img.sofascore.com/api/v1/player/95125/image
97476,Firas Chaouat,Tunisia,https://crests.football-data.org/tunisia.svg,Offence,1996-05-08,Tunisia,https://img.sofascore.com/api/v1/player/97476/image
171927,Elias Saad,Tunisia,https://crests.football-data.org/tunisia.svg,Offence,1999-12-27,Tunisia,https://img.sofascore.com/api/v1/player/171927/image
277192,Hazem Mastouri,Tunisia,https://crests.football-data.org/tunisia.svg,Offence,1997-06-18,Tunisia,https://img.sofascore.com/api/v1/player/277192/image
279116,Rayan Elloumi,Tunisia,https://crests.football-data.org/tunisia.svg,Offence,2007-09-17,Canada,https://img.sofascore.com/api/v1/player/279116/image
16641,Mert Günok,Turkey,https://crests.football-data.org/803.svg,Goalkeeper,1989-03-01,Turkey,https://img.sofascore.com/api/v1/player/16641/image
29518,Altay Bayındır,Turkey,https://crests.football-data.org/803.svg,Goalkeeper,1998-04-14,Turkey,https://img.sofascore.com/api/v1/player/29518/image
30283,Uğurcan Çakır,Turkey,https://crests.football-data.org/803.svg,Goalkeeper,1996-04-05,Turkey,https://img.sofascore.com/api/v1/player/30283/image
9475,Çağlar Söyüncü,Turkey,https://crests.football-data.org/803.svg,Defence,1996-05-23,Turkey,https://img.sofascore.com/api/v1/player/9475/image
9512,Kaan Ayhan,Turkey,https://crests.football-data.org/803.svg,Defence,1994-11-10,Turkey,https://img.sofascore.com/api/v1/player/9512/image
9869,Ferdi Kadıoğlu,Turkey,https://crests.football-data.org/803.svg,Defence,1999-10-07,Turkey,https://img.sofascore.com/api/v1/player/9869/image
10647,Mert Müldür,Turkey,https://crests.football-data.org/803.svg,Defence,1999-04-03,Turkey,https://img.sofascore.com/api/v1/player/10647/image
29622,Zeki Çelik,Turkey,https://crests.football-data.org/803.svg,Defence,1997-02-17,Turkey,https://img.sofascore.com/api/v1/player/29622/image
29804,Abdülkerim Bardakcı,Turkey,https://crests.football-data.org/803.svg,Defence,1994-09-07,Turkey,https://img.sofascore.com/api/v1/player/29804/image
30548,Ozan Kabak,Turkey,https://crests.football-data.org/803.svg,Defence,2000-03-25,Turkey,https://img.sofascore.com/api/v1/player/30548/image
37118,Merih Demiral,Turkey,https://crests.football-data.org/803.svg,Defence,1998-03-05,Turkey,https://img.sofascore.com/api/v1/player/37118/image
127226,Samet Akaydın,Turkey,https://crests.football-data.org/803.svg,Defence,1994-03-13,Turkey,https://img.sofascore.com/api/v1/player/127226/image
145831,Evren Eren Elmalı,Turkey,https://crests.football-data.org/803.svg,Defence,2000-07-07,Turkey,https://img.sofascore.com/api/v1/player/145831/image
201,Salih Özcan,Turkey,https://crests.football-data.org/803.svg,Midfield,1998-01-11,Turkey,https://img.sofascore.com/api/v1/player/201/image
1754,Hakan Çalhanoğlu,Turkey,https://crests.football-data.org/803.svg,Midfield,1994-02-08,Turkey,https://img.sofascore.com/api/v1/player/1754/image
7474,Orkun Kökçü,Turkey,https://crests.football-data.org/803.svg,Midfield,2000-12-29,Turkey,https://img.sofascore.com/api/v1/player/7474/image
148295,İsmail Yüksek,Turkey,https://crests.football-data.org/803.svg,Midfield,1999-01-26,Turkey,https://img.sofascore.com/api/v1/player/148295/image
159282,Barış Alper Yılmaz,Turkey,https://crests.football-data.org/803.svg,Midfield,2000-05-23,Turkey,https://img.sofascore.com/api/v1/player/159282/image
169162,Arda Guler,Turkey,https://crests.football-data.org/803.svg,Midfield,2005-02-25,Turkey,https://img.sofascore.com/api/v1/player/169162/image
171972,Oguz Aydin,Turkey,https://crests.football-data.org/803.svg,Midfield,2000-10-27,Turkey,https://img.sofascore.com/api/v1/player/171972/image
180964,İrfan Kahveci,Turkey,https://crests.football-data.org/803.svg,Midfield,1995-07-15,Turkey,https://img.sofascore.com/api/v1/player/180964/image
79906,Yunus Akgün,Turkey,https://crests.football-data.org/803.svg,Offence,2000-07-07,Turkey,https://img.sofascore.com/api/v1/player/79906/image
149737,Muhammed Kerem Aktürkoğlu,Turkey,https://crests.football-data.org/803.svg,Offence,1998-10-21,Turkey,https://img.sofascore.com/api/v1/player/149737/image
188466,Deniz Gul,Turkey,https://crests.football-data.org/803.svg,Offence,2004-07-02,Sweden,https://img.sofascore.com/api/v1/player/188466/image
191712,Kenan Yıldız,Turkey,https://crests.football-data.org/803.svg,Offence,2005-05-04,Turkey,https://img.sofascore.com/api/v1/player/191712/image
193605,Can Uzun,Turkey,https://crests.football-data.org/803.svg,Offence,2005-11-11,Turkey,https://img.sofascore.com/api/v1/player/193605/image
805,Edouard Mendy,Senegal,https://crests.football-data.org/senegal.svg,Goalkeeper,1992-03-01,Senegal,https://img.sofascore.com/api/v1/player/805/image
8608,Yehvann Diouf,Senegal,https://crests.football-data.org/senegal.svg,Goalkeeper,1999-11-16,Senegal,https://img.sofascore.com/api/v1/player/8608/image
20931,Mory Diaw,Senegal,https://crests.football-data.org/senegal.svg,Goalkeeper,1993-06-22,Senegal,https://img.sofascore.com/api/v1/player/20931/image
194,Ismail Jakobs,Senegal,https://crests.football-data.org/senegal.svg,Defence,1999-08-17,Senegal,https://img.sofascore.com/api/v1/player/194/image
2086,Kalidou Koulibaly,Senegal,https://crests.football-data.org/senegal.svg,Defence,1991-06-20,Senegal,https://img.sofascore.com/api/v1/player/2086/image
8723,Moussa Niakhaté,Senegal,https://crests.football-data.org/senegal.svg,Defence,1996-03-08,Senegal,https://img.sofascore.com/api/v1/player/8723/image
38154,Abdoulaye Seck,Senegal,https://crests.football-data.org/senegal.svg,Defence,1992-06-04,Senegal,https://img.sofascore.com/api/v1/player/38154/image
168667,Antoine Mendy,Senegal,https://crests.football-data.org/senegal.svg,Defence,2004-05-27,Senegal,https://img.sofascore.com/api/v1/player/168667/image
190558,Nobel Mendy,Senegal,https://crests.football-data.org/senegal.svg,Defence,2004-08-16,Senegal,https://img.sofascore.com/api/v1/player/190558/image
190866,Mamadou Sarr,Senegal,https://crests.football-data.org/senegal.svg,Defence,2005-08-29,Senegal,https://img.sofascore.com/api/v1/player/190866/image
193633,El Hadji Malick Diouf,Senegal,https://crests.football-data.org/senegal.svg,Defence,2023-02-21,Senegal,https://img.sofascore.com/api/v1/player/193633/image
633,Pape Gueye,Senegal,https://crests.football-data.org/senegal.svg,Midfield,1999-01-24,Senegal,https://img.sofascore.com/api/v1/player/633/image
3627,Idrissa Gana Guèye,Senegal,https://crests.football-data.org/senegal.svg,Midfield,1989-09-26,Senegal,https://img.sofascore.com/api/v1/player/3627/image
8887,Krépin Diatta,Senegal,https://crests.football-data.org/senegal.svg,Midfield,1999-02-25,Senegal,https://img.sofascore.com/api/v1/player/8887/image
37649,Pathé Ciss,Senegal,https://crests.football-data.org/senegal.svg,Midfield,1994-03-16,Senegal,https://img.sofascore.com/api/v1/player/37649/image
170391,Pape Sarr,Senegal,https://crests.football-data.org/senegal.svg,Midfield,2002-09-14,Senegal,https://img.sofascore.com/api/v1/player/170391/image
171876,Habib Diarra,Senegal,https://crests.football-data.org/senegal.svg,Midfield,2004-01-03,Senegal,https://img.sofascore.com/api/v1/player/171876/image
204269,Lamine Camara,Senegal,https://crests.football-data.org/senegal.svg,Midfield,2004-01-01,Senegal,https://img.sofascore.com/api/v1/player/204269/image
456,Habib Diallo,Senegal,https://crests.football-data.org/senegal.svg,Offence,1995-06-18,Senegal,https://img.sofascore.com/api/v1/player/456/image
3638,Ismaïla Sarr,Senegal,https://crests.football-data.org/senegal.svg,Offence,1998-02-25,Senegal,https://img.sofascore.com/api/v1/player/3638/image
9148,Cherif Ndiaye,Senegal,https://crests.football-data.org/senegal.svg,Offence,1996-01-23,Senegal,https://img.sofascore.com/api/v1/player/9148/image
94091,Iliman Ndiaye,Senegal,https://crests.football-data.org/senegal.svg,Offence,2000-03-06,Senegal,https://img.sofascore.com/api/v1/player/94091/image
98299,Boulaye Dia,Senegal,https://crests.football-data.org/senegal.svg,Offence,1996-11-16,Senegal,https://img.sofascore.com/api/v1/player/98299/image
152515,Nicolas Jackson,Senegal,https://crests.football-data.org/senegal.svg,Offence,2001-06-20,Senegal,https://img.sofascore.com/api/v1/player/152515/image
160412,Cheikh Ahmadou Dieng,Senegal,https://crests.football-data.org/senegal.svg,Offence,2000-09-01,Senegal,https://img.sofascore.com/api/v1/player/160412/image
206779,Mamadou Diakhon,Senegal,https://crests.football-data.org/senegal.svg,Offence,2005-09-22,France,https://img.sofascore.com/api/v1/player/206779/image
218474,Assane Diao,Senegal,https://crests.football-data.org/senegal.svg,Offence,2005-09-07,Senegal,https://img.sofascore.com/api/v1/player/218474/image
265040,Ibrahim M'Baye,Senegal,https://crests.football-data.org/senegal.svg,Offence,2008-01-24,Senegal,https://img.sofascore.com/api/v1/player/265040/image
3641,Thibaut Courtois,Belgium,https://crests.football-data.org/805.svg,Goalkeeper,1992-05-11,Belgium,https://img.sofascore.com/api/v1/player/3641/image
129946,Senne Lammens,Belgium,https://crests.football-data.org/805.svg,Goalkeeper,2002-07-07,Belgium,https://img.sofascore.com/api/v1/player/129946/image
191068,Mike Penders,Belgium,https://crests.football-data.org/805.svg,Goalkeeper,2005-07-31,Belgium,https://img.sofascore.com/api/v1/player/191068/image
1836,Timothy Castagne,Belgium,https://crests.football-data.org/805.svg,Defence,1995-12-05,Belgium,https://img.sofascore.com/api/v1/player/1836/image
3650,Thomas Meunier,Belgium,https://crests.football-data.org/805.svg,Defence,1991-09-12,Belgium,https://img.sofascore.com/api/v1/player/3650/image
8873,Brandon Mechele,Belgium,https://crests.football-data.org/805.svg,Defence,1993-01-28,Belgium,https://img.sofascore.com/api/v1/player/8873/image
142075,Maxim De Cuyper,Belgium,https://crests.football-data.org/805.svg,Defence,2000-12-22,Belgium,https://img.sofascore.com/api/v1/player/142075/image
145893,Arthur Theate,Belgium,https://crests.football-data.org/805.svg,Defence,2000-05-25,Belgium,https://img.sofascore.com/api/v1/player/145893/image
153556,Koni De Winter,Belgium,https://crests.football-data.org/805.svg,Defence,2002-06-12,Belgium,https://img.sofascore.com/api/v1/player/153556/image
160926,Zeno Debast,Belgium,https://crests.football-data.org/805.svg,Defence,2003-10-24,Belgium,https://img.sofascore.com/api/v1/player/160926/image
192677,Nathan Ngoy,Belgium,https://crests.football-data.org/805.svg,Defence,2003-06-10,Belgium,https://img.sofascore.com/api/v1/player/192677/image
213534,Joaquin Seys,Belgium,https://crests.football-data.org/805.svg,Defence,2005-03-28,Belgium,https://img.sofascore.com/api/v1/player/213534/image
3654,Kevin De Bruyne,Belgium,https://crests.football-data.org/805.svg,Midfield,1991-06-28,Belgium,https://img.sofascore.com/api/v1/player/3654/image
3656,Axel Witsel,Belgium,https://crests.football-data.org/805.svg,Midfield,1989-01-12,Belgium,https://img.sofascore.com/api/v1/player/3656/image
3658,Youri Tielemans,Belgium,https://crests.football-data.org/805.svg,Midfield,1997-05-07,Belgium,https://img.sofascore.com/api/v1/player/3658/image
8128,Dodi Lukebakio,Belgium,https://crests.football-data.org/805.svg,Midfield,1997-09-24,Belgium,https://img.sofascore.com/api/v1/player/8128/image
8858,Alexis Saelemaekers,Belgium,https://crests.football-data.org/805.svg,Midfield,1999-06-27,Belgium,https://img.sofascore.com/api/v1/player/8858/image
8888,Hans Vanaken,Belgium,https://crests.football-data.org/805.svg,Midfield,1992-08-24,Belgium,https://img.sofascore.com/api/v1/player/8888/image
8915,Nicolas Raskin,Belgium,https://crests.football-data.org/805.svg,Midfield,2001-02-23,Belgium,https://img.sofascore.com/api/v1/player/8915/image
99775,Jeremy Doku,Belgium,https://crests.football-data.org/805.svg,Midfield,2002-05-27,Belgium,https://img.sofascore.com/api/v1/player/99775/image
114024,Amadou Onana,Belgium,https://crests.football-data.org/805.svg,Midfield,2001-08-16,Belgium,https://img.sofascore.com/api/v1/player/114024/image
182192,Diego Moreira,Belgium,https://crests.football-data.org/805.svg,Midfield,2004-08-06,Belgium,https://img.sofascore.com/api/v1/player/182192/image
3662,Romelu Lukaku,Belgium,https://crests.football-data.org/805.svg,Offence,1993-05-13,Belgium,https://img.sofascore.com/api/v1/player/3662/image
8984,Leandro Trossard,Belgium,https://crests.football-data.org/805.svg,Offence,1994-12-04,Belgium,https://img.sofascore.com/api/v1/player/8984/image
129947,Charles De Ketelaere,Belgium,https://crests.football-data.org/805.svg,Offence,2001-03-10,Belgium,https://img.sofascore.com/api/v1/player/129947/image
213511,Matias Fernandez-Pardo,Belgium,https://crests.football-data.org/805.svg,Offence,2005-02-03,Belgium,https://img.sofascore.com/api/v1/player/213511/image
3693,Munir Mohamedi,Morocco,https://crests.football-data.org/morocco.svg,Goalkeeper,1989-05-10,Morocco,https://img.sofascore.com/api/v1/player/3693/image
3694,Yassine Bounou,Morocco,https://crests.football-data.org/morocco.svg,Goalkeeper,1991-04-05,Morocco,https://img.sofascore.com/api/v1/player/3694/image
3695,Ahmed Reda Tagnaouti,Morocco,https://crests.football-data.org/morocco.svg,Goalkeeper,1996-04-05,Morocco,https://img.sofascore.com/api/v1/player/3695/image
53,Achraf Hakimi,Morocco,https://crests.football-data.org/morocco.svg,Defence,1998-11-04,Morocco,https://img.sofascore.com/api/v1/player/53/image
7553,Noussair Mazraoui,Morocco,https://crests.football-data.org/morocco.svg,Defence,1997-11-14,Morocco,https://img.sofascore.com/api/v1/player/7553/image
8296,Issa Diop,Morocco,https://crests.football-data.org/morocco.svg,Defence,1997-01-09,France,https://img.sofascore.com/api/v1/player/8296/image
81191,Nayef Aguerd,Morocco,https://crests.football-data.org/morocco.svg,Defence,1996-03-30,Morocco,https://img.sofascore.com/api/v1/player/81191/image
137693,Anass Salah-Eddine,Morocco,https://crests.football-data.org/morocco.svg,Defence,2002-01-18,Morocco,https://img.sofascore.com/api/v1/player/137693/image
150948,Chadi Riad,Morocco,https://crests.football-data.org/morocco.svg,Defence,2003-06-17,Morocco,https://img.sofascore.com/api/v1/player/150948/image
172822,Redouane Halhal,Morocco,https://crests.football-data.org/morocco.svg,Defence,2003-03-05,France,https://img.sofascore.com/api/v1/player/172822/image
213459,Zakaria El Ouahdi,Morocco,https://crests.football-data.org/morocco.svg,Defence,2001-12-31,Morocco,https://img.sofascore.com/api/v1/player/213459/image
277391,Youssef Belammari,Morocco,https://crests.football-data.org/morocco.svg,Defence,1998-09-20,Morocco,https://img.sofascore.com/api/v1/player/277391/image
3705,Sofyan Amrabat,Morocco,https://crests.football-data.org/morocco.svg,Midfield,1996-08-21,Morocco,https://img.sofascore.com/api/v1/player/3705/image
7887,Brahim Diaz,Morocco,https://crests.football-data.org/morocco.svg,Midfield,1999-08-03,Morocco,https://img.sofascore.com/api/v1/player/7887/image
122511,Azzedine Ounahi,Morocco,https://crests.football-data.org/morocco.svg,Midfield,2000-04-19,Morocco,https://img.sofascore.com/api/v1/player/122511/image
130173,Ismael Saibari,Morocco,https://crests.football-data.org/morocco.svg,Midfield,2001-01-28,Morocco,https://img.sofascore.com/api/v1/player/130173/image
170647,Neil El Aynaoui,Morocco,https://crests.football-data.org/morocco.svg,Midfield,2001-07-02,Morocco,https://img.sofascore.com/api/v1/player/170647/image
192313,Chemsdine Talbi,Morocco,https://crests.football-data.org/morocco.svg,Midfield,2005-05-09,Morocco,https://img.sofascore.com/api/v1/player/192313/image
221819,Ayyoub Bouaddi,Morocco,https://crests.football-data.org/morocco.svg,Midfield,2007-10-02,France,https://img.sofascore.com/api/v1/player/221819/image
244929,Samir El Mourabet,Morocco,https://crests.football-data.org/morocco.svg,Midfield,2005-10-06,Morocco,https://img.sofascore.com/api/v1/player/244929/image
3720,Ayoub El Kaabi,Morocco,https://crests.football-data.org/morocco.svg,Offence,1993-06-26,Morocco,https://img.sofascore.com/api/v1/player/3720/image
130502,Soufiane Rahimi,Morocco,https://crests.football-data.org/morocco.svg,Offence,1996-06-02,Morocco,https://img.sofascore.com/api/v1/player/130502/image
175941,Abdessamad Ezzalzouli,Morocco,https://crests.football-data.org/morocco.svg,Offence,2001-12-17,Morocco,https://img.sofascore.com/api/v1/player/175941/image
245336,Gessime Yassine,Morocco,https://crests.football-data.org/morocco.svg,Offence,2005-11-22,France,https://img.sofascore.com/api/v1/player/245336/image
261438,Ayoube Amaimouni-Echghouyab,Morocco,https://crests.football-data.org/morocco.svg,Offence,2004-11-30,Morocco,https://img.sofascore.com/api/v1/player/261438/image
10702,Alexander Schlager,Austria,https://crests.football-data.org/816.svg,Goalkeeper,1996-02-01,Austria,https://img.sofascore.com/api/v1/player/10702/image
10837,Patrick Pentz,Austria,https://crests.football-data.org/816.svg,Goalkeeper,1997-01-02,Austria,https://img.sofascore.com/api/v1/player/10837/image
217244,Florian Wiegele,Austria,https://crests.football-data.org/816.svg,Goalkeeper,2001-03-21,Austria,https://img.sofascore.com/api/v1/player/217244/image
349,David Alaba,Austria,https://crests.football-data.org/816.svg,Defence,1992-06-24,Austria,https://img.sofascore.com/api/v1/player/349/image
395,Stefan Posch,Austria,https://crests.football-data.org/816.svg,Defence,1997-05-14,Austria,https://img.sofascore.com/api/v1/player/395/image
6576,Philipp Mwene,Austria,https://crests.football-data.org/816.svg,Defence,1994-01-29,Austria,https://img.sofascore.com/api/v1/player/6576/image
6655,Kevin Danso,Austria,https://crests.football-data.org/816.svg,Defence,1998-09-19,Austria,https://img.sofascore.com/api/v1/player/6655/image
9447,Marco Friedl,Austria,https://crests.football-data.org/816.svg,Defence,1998-03-16,Austria,https://img.sofascore.com/api/v1/player/9447/image
9477,Philipp Lienhart,Austria,https://crests.football-data.org/816.svg,Defence,1996-07-11,Austria,https://img.sofascore.com/api/v1/player/9477/image
61968,Michael Svoboda,Austria,https://crests.football-data.org/816.svg,Defence,1998-10-15,Austria,https://img.sofascore.com/api/v1/player/61968/image
113457,Alexander Prass,Austria,https://crests.football-data.org/816.svg,Defence,2001-05-26,Austria,https://img.sofascore.com/api/v1/player/113457/image
123212,David Affengruber,Austria,https://crests.football-data.org/816.svg,Defence,2001-03-19,Austria,https://img.sofascore.com/api/v1/player/123212/image
404,Florian Grillitsch,Austria,https://crests.football-data.org/816.svg,Midfield,1995-08-07,Austria,https://img.sofascore.com/api/v1/player/404/image
6501,Alessandro Schöpf,Austria,https://crests.football-data.org/816.svg,Midfield,1994-02-07,Austria,https://img.sofascore.com/api/v1/player/6501/image
9549,Konrad Laimer,Austria,https://crests.football-data.org/816.svg,Midfield,1997-05-27,Austria,https://img.sofascore.com/api/v1/player/9549/image
9551,Marcel Sabitzer,Austria,https://crests.football-data.org/816.svg,Midfield,1994-03-17,Austria,https://img.sofascore.com/api/v1/player/9551/image
16344,Xaver Schlager,Austria,https://crests.football-data.org/816.svg,Midfield,1997-09-28,Austria,https://img.sofascore.com/api/v1/player/16344/image
16346,Romano Schmid,Austria,https://crests.football-data.org/816.svg,Midfield,2000-01-27,Austria,https://img.sofascore.com/api/v1/player/16346/image
56829,Christoph Baumgartner,Austria,https://crests.football-data.org/816.svg,Midfield,1999-08-01,Austria,https://img.sofascore.com/api/v1/player/56829/image
113038,Nicolas  Seiwald,Austria,https://crests.football-data.org/816.svg,Midfield,2001-05-04,Austria,https://img.sofascore.com/api/v1/player/113038/image
124324,Patrick Wimmer,Austria,https://crests.football-data.org/816.svg,Midfield,2001-05-30,Austria,https://img.sofascore.com/api/v1/player/124324/image
167570,Carney Chukwuemeka,Austria,https://crests.football-data.org/816.svg,Midfield,2003-10-20,Austria,https://img.sofascore.com/api/v1/player/167570/image
176932,Paul Wanner,Austria,https://crests.football-data.org/816.svg,Midfield,2005-12-23,Austria,https://img.sofascore.com/api/v1/player/176932/image
6661,Michael Gregoritsch,Austria,https://crests.football-data.org/816.svg,Offence,1994-04-18,Austria,https://img.sofascore.com/api/v1/player/6661/image
8223,Marko Arnautovic,Austria,https://crests.football-data.org/816.svg,Offence,1989-04-19,Austria,https://img.sofascore.com/api/v1/player/8223/image
10761,Saša Kalajdžić,Austria,https://crests.football-data.org/816.svg,Offence,1997-07-07,Austria,https://img.sofascore.com/api/v1/player/10761/image
3721,Camilo Vargas,Colombia,https://crests.football-data.org/818.svg,Goalkeeper,1989-03-09,Colombia,https://img.sofascore.com/api/v1/player/3721/image
3722,David Ospina,Colombia,https://crests.football-data.org/818.svg,Goalkeeper,1988-08-31,Colombia,https://img.sofascore.com/api/v1/player/3722/image
22742,Álvaro Montero,Colombia,https://crests.football-data.org/818.svg,Goalkeeper,1995-03-29,Colombia,https://img.sofascore.com/api/v1/player/22742/image
3723,Santiago Arias,Colombia,https://crests.football-data.org/818.svg,Defence,1992-01-13,Colombia,https://img.sofascore.com/api/v1/player/3723/image
3724,Johan Mojica,Colombia,https://crests.football-data.org/818.svg,Defence,1992-08-21,Colombia,https://img.sofascore.com/api/v1/player/3724/image
3728,Yerry Mina,Colombia,https://crests.football-data.org/818.svg,Defence,1994-09-23,Colombia,https://img.sofascore.com/api/v1/player/3728/image
3733,Davinson Sánchez,Colombia,https://crests.football-data.org/818.svg,Defence,1996-06-12,Colombia,https://img.sofascore.com/api/v1/player/3733/image
8913,Deiver Machado,Colombia,https://crests.football-data.org/818.svg,Defence,1993-09-02,Colombia,https://img.sofascore.com/api/v1/player/8913/image
22010,Daniel Muñoz,Colombia,https://crests.football-data.org/818.svg,Defence,1996-05-26,Colombia,https://img.sofascore.com/api/v1/player/22010/image
22113,Jhon Lucumí,Colombia,https://crests.football-data.org/818.svg,Defence,1998-06-26,Colombia,https://img.sofascore.com/api/v1/player/22113/image
82825,Willer Ditta,Colombia,https://crests.football-data.org/818.svg,Defence,1997-01-23,Colombia,https://img.sofascore.com/api/v1/player/82825/image
365,James Rodríguez,Colombia,https://crests.football-data.org/818.svg,Midfield,1991-07-12,Colombia,https://img.sofascore.com/api/v1/player/365/image
3737,Jefferson Lerma,Colombia,https://crests.football-data.org/818.svg,Midfield,1994-10-25,Colombia,https://img.sofascore.com/api/v1/player/3737/image
22306,Jhon Arias,Colombia,https://crests.football-data.org/818.svg,Midfield,1997-09-21,Colombia,https://img.sofascore.com/api/v1/player/22306/image
29012,Jorge Carrascal,Colombia,https://crests.football-data.org/818.svg,Midfield,1998-05-25,Colombia,https://img.sofascore.com/api/v1/player/29012/image
156738,Kevin Castaño,Colombia,https://crests.football-data.org/818.svg,Midfield,2000-09-29,Colombia,https://img.sofascore.com/api/v1/player/156738/image
168403,Juan Quintero,Colombia,https://crests.football-data.org/818.svg,Midfield,1993-01-18,Colombia,https://img.sofascore.com/api/v1/player/168403/image
170245,Jaminton Campaz,Colombia,https://crests.football-data.org/818.svg,Midfield,2000-05-24,Colombia,https://img.sofascore.com/api/v1/player/170245/image
170657,Richard Rios,Colombia,https://crests.football-data.org/818.svg,Midfield,2000-06-02,Colombia,https://img.sofascore.com/api/v1/player/170657/image
178353,Juan Portilla,Colombia,https://crests.football-data.org/818.svg,Midfield,1998-09-12,Colombia,https://img.sofascore.com/api/v1/player/178353/image
191421,Gustavo Puerta,Colombia,https://crests.football-data.org/818.svg,Midfield,2003-07-23,Colombia,https://img.sofascore.com/api/v1/player/191421/image
212,Jhon Córdoba,Colombia,https://crests.football-data.org/818.svg,Offence,1993-05-11,Colombia,https://img.sofascore.com/api/v1/player/212/image
22396,Luis Díaz,Colombia,https://crests.football-data.org/818.svg,Offence,1997-01-13,Colombia,https://img.sofascore.com/api/v1/player/22396/image
32386,Luis Suárez,Colombia,https://crests.football-data.org/818.svg,Offence,1997-12-02,Colombia,https://img.sofascore.com/api/v1/player/32386/image
32415,Cucho Hernández,Colombia,https://crests.football-data.org/818.svg,Offence,1999-04-20,Colombia,https://img.sofascore.com/api/v1/player/32415/image
202797,Carlos Andrés Gómez,Colombia,https://crests.football-data.org/818.svg,Offence,2002-09-22,Colombia,https://img.sofascore.com/api/v1/player/202797/image
3743,Mohamed El Shenawy,Egypt,https://crests.football-data.org/825.svg,Goalkeeper,1988-12-18,Egypt,https://img.sofascore.com/api/v1/player/3743/image
132128,Mohamed Alaa,Egypt,https://crests.football-data.org/825.svg,Goalkeeper,1999-09-01,Qatar,https://img.sofascore.com/api/v1/player/132128/image
251169,Oufa Shobeir,Egypt,https://crests.football-data.org/825.svg,Goalkeeper,2000-03-17,Egypt,https://img.sofascore.com/api/v1/player/251169/image
780,Karim Hafez,Egypt,https://crests.football-data.org/825.svg,Defence,1996-03-12,Egypt,https://img.sofascore.com/api/v1/player/780/image
83057,Mohamed Hany,Egypt,https://crests.football-data.org/825.svg,Defence,1996-01-25,Egypt,https://img.sofascore.com/api/v1/player/83057/image
245519,Yasser Ibrahim,Egypt,https://crests.football-data.org/825.svg,Defence,1993-02-10,Egypt,https://img.sofascore.com/api/v1/player/245519/image
245553,Ahmed El Fotouh,Egypt,https://crests.football-data.org/825.svg,Defence,1998-03-22,Egypt,https://img.sofascore.com/api/v1/player/245553/image
245563,Mohamed Abdelmonem,Egypt,https://crests.football-data.org/825.svg,Defence,1999-02-01,Egypt,https://img.sofascore.com/api/v1/player/245563/image
245625,Rami Rabia,Egypt,https://crests.football-data.org/825.svg,Defence,1993-05-20,Egypt,https://img.sofascore.com/api/v1/player/245625/image
261033,Hossam Abdelmaguid,Egypt,https://crests.football-data.org/825.svg,Defence,2001-04-30,Egypt,https://img.sofascore.com/api/v1/player/261033/image
114669,Nabil Dunga,Egypt,https://crests.football-data.org/825.svg,Midfield,1996-04-06,Egypt,https://img.sofascore.com/api/v1/player/114669/image
132389,Hamdy Fathy,Egypt,https://crests.football-data.org/825.svg,Midfield,1994-09-29,Egypt,https://img.sofascore.com/api/v1/player/132389/image
180952,Trezeguet,Egypt,https://crests.football-data.org/825.svg,Midfield,1994-10-01,Egypt,https://img.sofascore.com/api/v1/player/180952/image
191972,Emam Ashour,Egypt,https://crests.football-data.org/825.svg,Midfield,1998-02-20,Egypt,https://img.sofascore.com/api/v1/player/191972/image
245550,Mohanad Lashin,Egypt,https://crests.football-data.org/825.svg,Midfield,1996-05-29,Egypt,https://img.sofascore.com/api/v1/player/245550/image
245582,Marwan Attia,Egypt,https://crests.football-data.org/825.svg,Midfield,1998-08-12,Egypt,https://img.sofascore.com/api/v1/player/245582/image
261012,Mahmoud Saber,Egypt,https://crests.football-data.org/825.svg,Midfield,2001-07-30,Egypt,https://img.sofascore.com/api/v1/player/261012/image
3754,Mohamed Salah,Egypt,https://crests.football-data.org/825.svg,Offence,1992-06-15,Egypt,https://img.sofascore.com/api/v1/player/3754/image
66896,Omar Marmoush,Egypt,https://crests.football-data.org/825.svg,Offence,1999-02-07,Egypt,https://img.sofascore.com/api/v1/player/66896/image
98222,Haissem Hassan,Egypt,https://crests.football-data.org/825.svg,Offence,2002-02-08,France,https://img.sofascore.com/api/v1/player/98222/image
253635,Ibrahim Adel,Egypt,https://crests.football-data.org/825.svg,Offence,2001-04-24,Egypt,https://img.sofascore.com/api/v1/player/253635/image
274542,Hamza Abdelkarim,Egypt,https://crests.football-data.org/825.svg,Offence,2008-01-01,Egypt,https://img.sofascore.com/api/v1/player/274542/image
21226,Maxime Crépeau,Canada,https://crests.football-data.org/canada.svg,Goalkeeper,1994-05-11,Canada,https://img.sofascore.com/api/v1/player/21226/image
113351,Dayne St. Clair,Canada,https://crests.football-data.org/canada.svg,Goalkeeper,1997-05-09,Canada,https://img.sofascore.com/api/v1/player/113351/image
189264,Owen Goodman,Canada,https://crests.football-data.org/canada.svg,Goalkeeper,2003-11-27,Canada,https://img.sofascore.com/api/v1/player/189264/image
21288,Alphonso Davies,Canada,https://crests.football-data.org/canada.svg,Defence,2000-11-02,Canada,https://img.sofascore.com/api/v1/player/21288/image
77691,Richie Laryea,Canada,https://crests.football-data.org/canada.svg,Defence,1995-01-07,Canada,https://img.sofascore.com/api/v1/player/77691/image
81286,Alfie Jones,Canada,https://crests.football-data.org/canada.svg,Defence,1997-10-07,England,https://img.sofascore.com/api/v1/player/81286/image
112209,Joel Waterman,Canada,https://crests.football-data.org/canada.svg,Defence,1996-01-24,Canada,https://img.sofascore.com/api/v1/player/112209/image
113228,Derek Cornelius,Canada,https://crests.football-data.org/canada.svg,Defence,1997-11-25,Canada,https://img.sofascore.com/api/v1/player/113228/image
118604,Alistair Johnston,Canada,https://crests.football-data.org/canada.svg,Defence,1998-10-08,Canada,https://img.sofascore.com/api/v1/player/118604/image
192153,Moise Bombito,Canada,https://crests.football-data.org/canada.svg,Defence,2000-03-30,Canada,https://img.sofascore.com/api/v1/player/192153/image
217596,Luc De Fougerolles,Canada,https://crests.football-data.org/canada.svg,Defence,2005-10-12,England,https://img.sofascore.com/api/v1/player/217596/image
21199,Jonathan Osorio,Canada,https://crests.football-data.org/canada.svg,Midfield,1992-12-06,Canada,https://img.sofascore.com/api/v1/player/21199/image
37479,Stephen Eustáquio,Canada,https://crests.football-data.org/canada.svg,Midfield,1996-12-21,Canada,https://img.sofascore.com/api/v1/player/37479/image
72777,Mathieu Choinière,Canada,https://crests.football-data.org/canada.svg,Midfield,1999-02-07,Canada,https://img.sofascore.com/api/v1/player/72777/image
113175,Tajon Buchanan,Canada,https://crests.football-data.org/canada.svg,Midfield,1999-02-08,Canada,https://img.sofascore.com/api/v1/player/113175/image
140546,Marcelo Flores,Canada,https://crests.football-data.org/canada.svg,Midfield,2003-10-01,Mexico,https://img.sofascore.com/api/v1/player/140546/image
171216,Nathan-Dylan Saliba,Canada,https://crests.football-data.org/canada.svg,Midfield,2004-02-07,Canada,https://img.sofascore.com/api/v1/player/171216/image
172183,Ismael Kone,Canada,https://crests.football-data.org/canada.svg,Midfield,2002-06-06,Canada,https://img.sofascore.com/api/v1/player/172183/image
181976,Ali Ahmed,Canada,https://crests.football-data.org/canada.svg,Midfield,2000-10-10,Canada,https://img.sofascore.com/api/v1/player/181976/image
216809,Niko Sigur,Canada,https://crests.football-data.org/canada.svg,Midfield,2003-09-09,Canada,https://img.sofascore.com/api/v1/player/216809/image
8924,Jonathan David,Canada,https://crests.football-data.org/canada.svg,Offence,2000-01-14,Canada,https://img.sofascore.com/api/v1/player/8924/image
15958,Cyle Larin,Canada,https://crests.football-data.org/canada.svg,Offence,1995-04-17,Canada,https://img.sofascore.com/api/v1/player/15958/image
110807,Liam Millar,Canada,https://crests.football-data.org/canada.svg,Offence,1999-09-27,Canada,https://img.sofascore.com/api/v1/player/110807/image
111842,Jacob Shaffelburg,Canada,https://crests.football-data.org/canada.svg,Offence,1999-11-26,Canada,https://img.sofascore.com/api/v1/player/111842/image
177826,Tani Oluwaseyi,Canada,https://crests.football-data.org/canada.svg,Offence,2000-05-15,Canada,https://img.sofascore.com/api/v1/player/177826/image
260992,Promise Akinpelu,Canada,https://crests.football-data.org/canada.svg,Offence,2001-07-03,Canada,https://img.sofascore.com/api/v1/player/260992/image
154781,Alexandre Pierre,Haiti,https://crests.football-data.org/haiti.svg,Goalkeeper,2001-02-25,Haiti,https://img.sofascore.com/api/v1/player/154781/image
170624,Johny Placide,Haiti,https://crests.football-data.org/haiti.svg,Goalkeeper,1988-01-29,Haiti,https://img.sofascore.com/api/v1/player/170624/image
532,Carlens Arcus,Haiti,https://crests.football-data.org/haiti.svg,Defence,1996-06-28,Haiti,https://img.sofascore.com/api/v1/player/532/image
776,Jean-Kevin Duverne,Haiti,https://crests.football-data.org/haiti.svg,Defence,1997-08-12,France,https://img.sofascore.com/api/v1/player/776/image
8845,Hannes Delcroix,Haiti,https://crests.football-data.org/haiti.svg,Defence,1999-02-28,Haiti,https://img.sofascore.com/api/v1/player/8845/image
158228,Martin Expérience,Haiti,https://crests.football-data.org/haiti.svg,Defence,1999-03-09,Haiti,https://img.sofascore.com/api/v1/player/158228/image
166220,Ricardo Adé,Haiti,https://crests.football-data.org/haiti.svg,Defence,1990-05-21,Haiti,https://img.sofascore.com/api/v1/player/166220/image
253605,Duke LaCroix,Haiti,https://crests.football-data.org/haiti.svg,Defence,1993-10-14,USA,https://img.sofascore.com/api/v1/player/253605/image
256398,Keeto Thermoncy,Haiti,https://crests.football-data.org/haiti.svg,Defence,2006-03-29,Haiti,https://img.sofascore.com/api/v1/player/256398/image
291152,Wilguens Paugain,Haiti,https://crests.football-data.org/haiti.svg,Defence,2001-08-24,Haiti,https://img.sofascore.com/api/v1/player/291152/image
433,Leverton Pierre,Haiti,https://crests.football-data.org/haiti.svg,Midfield,1998-03-09,Haiti,https://img.sofascore.com/api/v1/player/433/image
788,Jean-Ricner Bellegarde,Haiti,https://crests.football-data.org/haiti.svg,Midfield,1998-06-27,Haiti,https://img.sofascore.com/api/v1/player/788/image
77609,Derrick Etienne,Haiti,https://crests.football-data.org/haiti.svg,Midfield,1996-11-25,Haiti,https://img.sofascore.com/api/v1/player/77609/image
177049,Danley Jean Jacques,Haiti,https://crests.football-data.org/haiti.svg,Midfield,2000-05-20,Haiti,https://img.sofascore.com/api/v1/player/177049/image
182788,Dominique Simon,Haiti,https://crests.football-data.org/haiti.svg,Midfield,2000-07-29,France,https://img.sofascore.com/api/v1/player/182788/image
250006,Carl Sainté,Haiti,https://crests.football-data.org/haiti.svg,Midfield,2002-08-09,Haiti,https://img.sofascore.com/api/v1/player/250006/image
5380,Duckens Nazon,Haiti,https://crests.football-data.org/haiti.svg,Offence,1994-04-07,Haiti,https://img.sofascore.com/api/v1/player/5380/image
74870,Frantzdy Pierrot,Haiti,https://crests.football-data.org/haiti.svg,Offence,1995-03-29,Haiti,https://img.sofascore.com/api/v1/player/74870/image
82421,Yassin Fortune,Haiti,https://crests.football-data.org/haiti.svg,Offence,1999-01-30,Haiti,https://img.sofascore.com/api/v1/player/82421/image
83599,Wilson Isidor,Haiti,https://crests.football-data.org/haiti.svg,Offence,2000-08-27,France,https://img.sofascore.com/api/v1/player/83599/image
106726,Lenny Joseph,Haiti,https://crests.football-data.org/haiti.svg,Offence,2000-10-12,France,https://img.sofascore.com/api/v1/player/106726/image
125787,Louicius Don Deedson,Haiti,https://crests.football-data.org/haiti.svg,Offence,2001-02-11,Haiti,https://img.sofascore.com/api/v1/player/125787/image
152737,Josué Casimir,Haiti,https://crests.football-data.org/haiti.svg,Offence,2001-09-24,Haiti,https://img.sofascore.com/api/v1/player/152737/image
152801,Ruben Providence,Haiti,https://crests.football-data.org/haiti.svg,Offence,2001-07-07,Haiti,https://img.sofascore.com/api/v1/player/152801/image
3797,Hossein Hosseini,Iran,https://crests.football-data.org/iran.svg,Goalkeeper,1992-06-30,Iran,https://img.sofascore.com/api/v1/player/3797/image
103099,Payam Niazmand,Iran,https://crests.football-data.org/iran.svg,Goalkeeper,1995-04-06,Iran,https://img.sofascore.com/api/v1/player/103099/image
171319,Alireza Beiranvand,Iran,https://crests.football-data.org/iran.svg,Goalkeeper,1992-09-21,Iran,https://img.sofascore.com/api/v1/player/171319/image
3800,Ehsan Hajsafi,Iran,https://crests.football-data.org/iran.svg,Defence,1990-02-25,Iran,https://img.sofascore.com/api/v1/player/3800/image
3804,Ramin Rezaeian,Iran,https://crests.football-data.org/iran.svg,Defence,1990-03-21,Iran,https://img.sofascore.com/api/v1/player/3804/image
3811,Milad Mohammadi,Iran,https://crests.football-data.org/iran.svg,Defence,1993-09-29,Iran,https://img.sofascore.com/api/v1/player/3811/image
231884,Hossein Kanaanizadegan,Iran,https://crests.football-data.org/iran.svg,Defence,1994-03-23,Iran,https://img.sofascore.com/api/v1/player/231884/image
231889,Shojae Khalilzadeh,Iran,https://crests.football-data.org/iran.svg,Defence,1989-05-14,Iran,https://img.sofascore.com/api/v1/player/231889/image
231900,Rouzbeh Cheshmi,Iran,https://crests.football-data.org/iran.svg,Defence,1993-07-24,Iran,https://img.sofascore.com/api/v1/player/231900/image
249673,Saleh Hardani,Iran,https://crests.football-data.org/iran.svg,Defence,1998-12-26,Iran,https://img.sofascore.com/api/v1/player/249673/image
3821,Saeid Ezatolahi,Iran,https://crests.football-data.org/iran.svg,Midfield,1996-10-01,Iran,https://img.sofascore.com/api/v1/player/3821/image
189724,Mehdi Torabi,Iran,https://crests.football-data.org/iran.svg,Midfield,1994-09-10,Iran,https://img.sofascore.com/api/v1/player/189724/image
189790,Mohammad Ghorbani,Iran,https://crests.football-data.org/iran.svg,Midfield,2001-05-21,Iran,https://img.sofascore.com/api/v1/player/189790/image
244158,Ariya Yousefi,Iran,https://crests.football-data.org/iran.svg,Midfield,2002-04-22,Iran,https://img.sofascore.com/api/v1/player/244158/image
249672,Medhi Ghayedi,Iran,https://crests.football-data.org/iran.svg,Midfield,1998-12-05,Iran,https://img.sofascore.com/api/v1/player/249672/image
3819,Alireza Jahanbakhsh,Iran,https://crests.football-data.org/iran.svg,Offence,1993-08-11,Iran,https://img.sofascore.com/api/v1/player/3819/image
3820,Mehdi Taremi,Iran,https://crests.football-data.org/iran.svg,Offence,1992-07-18,Iran,https://img.sofascore.com/api/v1/player/3820/image
33634,Dennis Eckert,Iran,https://crests.football-data.org/iran.svg,Offence,1997-01-09,Germany,https://img.sofascore.com/api/v1/player/33634/image
119530,Ali Alipour,Iran,https://crests.football-data.org/iran.svg,Offence,1995-11-11,Iran,https://img.sofascore.com/api/v1/player/119530/image
152180,Shahriar Moghanlou,Iran,https://crests.football-data.org/iran.svg,Offence,1994-12-21,Iran,https://img.sofascore.com/api/v1/player/152180/image
172641,Mohammad Mohebi,Iran,https://crests.football-data.org/iran.svg,Offence,1998-12-20,Iran,https://img.sofascore.com/api/v1/player/172641/image
179746,Saman Ghoddos,Iran,https://crests.football-data.org/iran.svg,Offence,1993-09-06,Iran,https://img.sofascore.com/api/v1/player/179746/image
254746,Amir Hosseinzadeh,Iran,https://crests.football-data.org/iran.svg,Offence,2000-10-30,Iran,https://img.sofascore.com/api/v1/player/254746/image
17645,Martin Zlomislić,Bosnia-Herzegovina,https://crests.football-data.org/bosnia.svg,Goalkeeper,1998-08-16,Bosnia-Herzegovina,https://img.sofascore.com/api/v1/player/17645/image
65105,Nikola Vasilj,Bosnia-Herzegovina,https://crests.football-data.org/bosnia.svg,Goalkeeper,1995-12-02,Bosnia-Herzegovina,https://img.sofascore.com/api/v1/player/65105/image
276572,Mladen Jurkas,Bosnia-Herzegovina,https://crests.football-data.org/bosnia.svg,Goalkeeper,2007-10-07,Bosnia-Herzegovina,https://img.sofascore.com/api/v1/player/276572/image
7786,Sead Kolašinac,Bosnia-Herzegovina,https://crests.football-data.org/bosnia.svg,Defence,1993-06-20,Bosnia-Herzegovina,https://img.sofascore.com/api/v1/player/7786/image
15357,Dennis Hadžikadunić,Bosnia-Herzegovina,https://crests.football-data.org/bosnia.svg,Defence,1998-07-09,Bosnia-Herzegovina,https://img.sofascore.com/api/v1/player/15357/image
17869,Nihad Mujakić,Bosnia-Herzegovina,https://crests.football-data.org/bosnia.svg,Defence,1998-04-15,Bosnia-Herzegovina,https://img.sofascore.com/api/v1/player/17869/image
23182,Nikola Katić,Bosnia-Herzegovina,https://crests.football-data.org/bosnia.svg,Defence,1996-10-10,Bosnia-Herzegovina,https://img.sofascore.com/api/v1/player/23182/image
65758,Stjepan Radeljić,Bosnia-Herzegovina,https://crests.football-data.org/bosnia.svg,Defence,1997-09-05,Bosnia-Herzegovina,https://img.sofascore.com/api/v1/player/65758/image
81816,Amar Dedić,Bosnia-Herzegovina,https://crests.football-data.org/bosnia.svg,Defence,2002-08-18,Austria,https://img.sofascore.com/api/v1/player/81816/image
189153,Tarik Muharemović,Bosnia-Herzegovina,https://crests.football-data.org/bosnia.svg,Defence,2003-02-28,Bosnia-Herzegovina,https://img.sofascore.com/api/v1/player/189153/image
216398,Nidal Čelik,Bosnia-Herzegovina,https://crests.football-data.org/bosnia.svg,Defence,2006-07-17,Bosnia-Herzegovina,https://img.sofascore.com/api/v1/player/216398/image
9400,Dženis Burnić,Bosnia-Herzegovina,https://crests.football-data.org/bosnia.svg,Midfield,1998-05-22,Bosnia-Herzegovina,https://img.sofascore.com/api/v1/player/9400/image
23206,Ivan Šunjić,Bosnia-Herzegovina,https://crests.football-data.org/bosnia.svg,Midfield,1996-10-09,Bosnia-Herzegovina,https://img.sofascore.com/api/v1/player/23206/image
30102,Amir Hadžiahmetović,Bosnia-Herzegovina,https://crests.football-data.org/bosnia.svg,Midfield,1997-03-08,Bosnia-Herzegovina,https://img.sofascore.com/api/v1/player/30102/image
119385,Armin Gigovic,Bosnia-Herzegovina,https://crests.football-data.org/bosnia.svg,Midfield,2002-04-06,Bosnia-Herzegovina,https://img.sofascore.com/api/v1/player/119385/image
147030,Ivan Bašić,Bosnia-Herzegovina,https://crests.football-data.org/bosnia.svg,Midfield,2002-04-30,Bosnia-Herzegovina,https://img.sofascore.com/api/v1/player/147030/image
189280,Benjamin Tahirovic,Bosnia-Herzegovina,https://crests.football-data.org/bosnia.svg,Midfield,2003-03-03,Bosnia-Herzegovina,https://img.sofascore.com/api/v1/player/189280/image
221764,Ermin Mahmic,Bosnia-Herzegovina,https://crests.football-data.org/bosnia.svg,Midfield,2005-03-14,Austria,https://img.sofascore.com/api/v1/player/221764/image
275052,Amar Memić,Bosnia-Herzegovina,https://crests.football-data.org/bosnia.svg,Midfield,2001-01-20,Bosnia-Herzegovina,https://img.sofascore.com/api/v1/player/275052/image
1822,Edin Džeko,Bosnia-Herzegovina,https://crests.football-data.org/bosnia.svg,Offence,1986-03-17,Bosnia-Herzegovina,https://img.sofascore.com/api/v1/player/1822/image
17767,Jovo Lukić,Bosnia-Herzegovina,https://crests.football-data.org/bosnia.svg,Offence,1998-11-28,Bosnia-Herzegovina,https://img.sofascore.com/api/v1/player/17767/image
33242,Ermedin Demirovic,Bosnia-Herzegovina,https://crests.football-data.org/bosnia.svg,Offence,1998-03-25,Bosnia-Herzegovina,https://img.sofascore.com/api/v1/player/33242/image
63218,Haris Tabaković,Bosnia-Herzegovina,https://crests.football-data.org/bosnia.svg,Offence,1994-06-20,Bosnia-Herzegovina,https://img.sofascore.com/api/v1/player/63218/image
172226,Samed Bazdar,Bosnia-Herzegovina,https://crests.football-data.org/bosnia.svg,Offence,2004-01-31,Bosnia-Herzegovina,https://img.sofascore.com/api/v1/player/172226/image
186380,Esmir Bajraktarevic,Bosnia-Herzegovina,https://crests.football-data.org/bosnia.svg,Offence,2005-03-10,Bosnia-Herzegovina,https://img.sofascore.com/api/v1/player/186380/image
272213,Kerim Alajbegović,Bosnia-Herzegovina,https://crests.football-data.org/bosnia.svg,Offence,2007-09-21,Bosnia-Herzegovina,https://img.sofascore.com/api/v1/player/272213/image
28382,Luis Mejía,Panama,https://crests.football-data.org/panama.svg,Goalkeeper,1991-03-16,Panama,https://img.sofascore.com/api/v1/player/28382/image
100186,Orlando Mosquera,Panama,https://crests.football-data.org/panama.svg,Goalkeeper,1994-12-25,Panama,https://img.sofascore.com/api/v1/player/100186/image
110566,Cesar Samudio,Panama,https://crests.football-data.org/panama.svg,Goalkeeper,1994-03-23,Panama,https://img.sofascore.com/api/v1/player/110566/image
22771,Roderick Miller,Panama,https://crests.football-data.org/panama.svg,Defence,1992-04-03,Panama,https://img.sofascore.com/api/v1/player/22771/image
43786,Fidel Escobar,Panama,https://crests.football-data.org/panama.svg,Defence,1995-01-09,Panama,https://img.sofascore.com/api/v1/player/43786/image
43787,Éric Davis,Panama,https://crests.football-data.org/panama.svg,Defence,1991-03-31,Panama,https://img.sofascore.com/api/v1/player/43787/image
76711,Andrés Andrade,Panama,https://crests.football-data.org/panama.svg,Defence,1998-10-16,Panama,https://img.sofascore.com/api/v1/player/76711/image
84481,César Blackman,Panama,https://crests.football-data.org/panama.svg,Defence,1998-04-02,Panama,https://img.sofascore.com/api/v1/player/84481/image
100199,Jiovany Ramos,Panama,https://crests.football-data.org/panama.svg,Defence,1997-01-26,Panama,https://img.sofascore.com/api/v1/player/100199/image
103208,José Cordoba,Panama,https://crests.football-data.org/panama.svg,Defence,2001-06-03,Panama,https://img.sofascore.com/api/v1/player/103208/image
188908,Michael Murillo,Panama,https://crests.football-data.org/panama.svg,Defence,1996-02-11,Panama,https://img.sofascore.com/api/v1/player/188908/image
253717,Edgardo Fariña,Panama,https://crests.football-data.org/panama.svg,Defence,2001-09-21,Panama,https://img.sofascore.com/api/v1/player/253717/image
275040,Jorge Gutiérrez,Panama,https://crests.football-data.org/panama.svg,Defence,1998-09-01,Panama,https://img.sofascore.com/api/v1/player/275040/image
3864,Adalberto Carrasquilla,Panama,https://crests.football-data.org/panama.svg,Midfield,1998-11-28,Panama,https://img.sofascore.com/api/v1/player/3864/image
8919,José Luis Rodríguez,Panama,https://crests.football-data.org/panama.svg,Midfield,1998-06-19,Panama,https://img.sofascore.com/api/v1/player/8919/image
28668,Cecilio Waterman,Panama,https://crests.football-data.org/panama.svg,Midfield,1991-04-13,Panama,https://img.sofascore.com/api/v1/player/28668/image
39139,Édgar Bárcenas,Panama,https://crests.football-data.org/panama.svg,Midfield,1993-10-23,Panama,https://img.sofascore.com/api/v1/player/39139/image
43793,Aníbal Godoy,Panama,https://crests.football-data.org/panama.svg,Midfield,1990-02-10,Panama,https://img.sofascore.com/api/v1/player/43793/image
58751,Alberto Quintero,Panama,https://crests.football-data.org/panama.svg,Midfield,1987-12-18,Panama,https://img.sofascore.com/api/v1/player/58751/image
103158,Carlos Harvey,Panama,https://crests.football-data.org/panama.svg,Midfield,2000-02-03,Panama,https://img.sofascore.com/api/v1/player/103158/image
110577,César Yanis,Panama,https://crests.football-data.org/panama.svg,Midfield,1996-01-28,Panama,https://img.sofascore.com/api/v1/player/110577/image
166946,Christian Martinez,Panama,https://crests.football-data.org/panama.svg,Midfield,1997-02-06,Panama,https://img.sofascore.com/api/v1/player/166946/image
3868,José Fajardo,Panama,https://crests.football-data.org/panama.svg,Offence,1993-08-18,Panama,https://img.sofascore.com/api/v1/player/3868/image
43795,Ismael Díaz,Panama,https://crests.football-data.org/panama.svg,Offence,1997-05-12,Panama,https://img.sofascore.com/api/v1/player/43795/image
105650,Tomas Rodriguez,Panama,https://crests.football-data.org/panama.svg,Offence,1999-03-09,Panama,https://img.sofascore.com/api/v1/player/105650/image
159094,Azarias Londoño,Panama,https://crests.football-data.org/panama.svg,Offence,2001-06-21,Panama,https://img.sofascore.com/api/v1/player/159094/image
53172,Márcio Rosa,Cape Verde Islands,https://crests.football-data.org/cape_verde.svg,Goalkeeper,1997-02-23,Cape Verde Islands,https://img.sofascore.com/api/v1/player/53172/image
120725,Vózinha,Cape Verde Islands,https://crests.football-data.org/cape_verde.svg,Goalkeeper,1986-06-03,Cape Verde Islands,https://img.sofascore.com/api/v1/player/120725/image
150997,C.J. dos Santos,Cape Verde Islands,https://crests.football-data.org/cape_verde.svg,Goalkeeper,2000-08-24,USA,https://img.sofascore.com/api/v1/player/150997/image
593,Steven Moreira,Cape Verde Islands,https://crests.football-data.org/cape_verde.svg,Defence,1994-08-13,Cape Verde Islands,https://img.sofascore.com/api/v1/player/593/image
814,Logan Costa,Cape Verde Islands,https://crests.football-data.org/cape_verde.svg,Defence,2001-04-01,Cape Verde Islands,https://img.sofascore.com/api/v1/player/814/image
36618,Roberto Lopes,Cape Verde Islands,https://crests.football-data.org/cape_verde.svg,Defence,1992-06-17,Cape Verde Islands,https://img.sofascore.com/api/v1/player/36618/image
45328,Diney Borges,Cape Verde Islands,https://crests.football-data.org/cape_verde.svg,Defence,1995-01-17,Portugal,https://img.sofascore.com/api/v1/player/45328/image
63097,Stopira,Cape Verde Islands,https://crests.football-data.org/cape_verde.svg,Defence,1988-05-20,Cape Verde Islands,https://img.sofascore.com/api/v1/player/63097/image
209178,Sidny Lopes Cabral,Cape Verde Islands,https://crests.football-data.org/cape_verde.svg,Defence,2002-09-18,Netherlands,https://img.sofascore.com/api/v1/player/209178/image
213136,Wagner Pina,Cape Verde Islands,https://crests.football-data.org/cape_verde.svg,Defence,2002-11-03,Cape Verde Islands,https://img.sofascore.com/api/v1/player/213136/image
246869,Kelvin Pires,Cape Verde Islands,https://crests.football-data.org/cape_verde.svg,Defence,2000-06-05,Cape Verde Islands,https://img.sofascore.com/api/v1/player/246869/image
7759,Deroy Duarte,Cape Verde Islands,https://crests.football-data.org/cape_verde.svg,Midfield,1999-07-04,Cape Verde Islands,https://img.sofascore.com/api/v1/player/7759/image
30554,Garry Rodrigues,Cape Verde Islands,https://crests.football-data.org/cape_verde.svg,Midfield,1990-11-27,Cape Verde Islands,https://img.sofascore.com/api/v1/player/30554/image
40121,Kevin Pina,Cape Verde Islands,https://crests.football-data.org/cape_verde.svg,Midfield,1997-01-27,Cape Verde Islands,https://img.sofascore.com/api/v1/player/40121/image
67968,Laros Duarte,Cape Verde Islands,https://crests.football-data.org/cape_verde.svg,Midfield,1997-02-28,Cape Verde Islands,https://img.sofascore.com/api/v1/player/67968/image
103108,Yannick Semedo,Cape Verde Islands,https://crests.football-data.org/cape_verde.svg,Midfield,1995-12-29,Cape Verde Islands,https://img.sofascore.com/api/v1/player/103108/image
145346,Telmo Arcanjo,Cape Verde Islands,https://crests.football-data.org/cape_verde.svg,Midfield,2001-06-21,Portugal,https://img.sofascore.com/api/v1/player/145346/image
167455,Jamiro Monteiro,Cape Verde Islands,https://crests.football-data.org/cape_verde.svg,Midfield,1993-11-23,Cape Verde Islands,https://img.sofascore.com/api/v1/player/167455/image
212575,João Paulo,Cape Verde Islands,https://crests.football-data.org/cape_verde.svg,Midfield,1998-05-26,Cape Verde Islands,https://img.sofascore.com/api/v1/player/212575/image
9278,Willy Semedo,Cape Verde Islands,https://crests.football-data.org/cape_verde.svg,Offence,1994-04-27,Cape Verde Islands,https://img.sofascore.com/api/v1/player/9278/image
30502,Ryan Mendes,Cape Verde Islands,https://crests.football-data.org/cape_verde.svg,Offence,1990-01-08,Cape Verde Islands,https://img.sofascore.com/api/v1/player/30502/image
37116,Jovane Cabral,Cape Verde Islands,https://crests.football-data.org/cape_verde.svg,Offence,1998-06-14,Cape Verde Islands,https://img.sofascore.com/api/v1/player/37116/image
151942,Gilson Tavares,Cape Verde Islands,https://crests.football-data.org/cape_verde.svg,Offence,2001-12-29,Cape Verde Islands,https://img.sofascore.com/api/v1/player/151942/image
166784,Nuno Da Costa,Cape Verde Islands,https://crests.football-data.org/cape_verde.svg,Offence,1991-02-10,Cape Verde Islands,https://img.sofascore.com/api/v1/player/166784/image
175919,Dailon Rocha Livramento,Cape Verde Islands,https://crests.football-data.org/cape_verde.svg,Offence,2001-05-04,Netherlands,https://img.sofascore.com/api/v1/player/175919/image
213119,Hélio Varela,Cape Verde Islands,https://crests.football-data.org/cape_verde.svg,Offence,2002-05-03,Cape Verde Islands,https://img.sofascore.com/api/v1/player/213119/image
98898,Timothy Fayulu,Congo DR,https://crests.football-data.org/congo_dr.svg,Goalkeeper,1999-07-24,DR Congo,https://img.sofascore.com/api/v1/player/98898/image
106838,Lionel Mpasi,Congo DR,https://crests.football-data.org/congo_dr.svg,Goalkeeper,1994-08-01,DR Congo,https://img.sofascore.com/api/v1/player/106838/image
170838,Matthieu Epolo,Congo DR,https://crests.football-data.org/congo_dr.svg,Goalkeeper,2005-01-15,Congo DR,https://img.sofascore.com/api/v1/player/170838/image
3894,Axel Tuanzebe,Congo DR,https://crests.football-data.org/congo_dr.svg,Defence,1997-11-14,DR Congo,https://img.sofascore.com/api/v1/player/3894/image
7918,Chancel Mbemba,Congo DR,https://crests.football-data.org/congo_dr.svg,Defence,1994-08-08,DR Congo,https://img.sofascore.com/api/v1/player/7918/image
8158,Aaron Wan-Bissaka,Congo DR,https://crests.football-data.org/congo_dr.svg,Defence,1997-11-26,DR Congo,https://img.sofascore.com/api/v1/player/8158/image
8204,Arthur Masuaku,Congo DR,https://crests.football-data.org/congo_dr.svg,Defence,1993-11-07,DR Congo,https://img.sofascore.com/api/v1/player/8204/image
8700,Joris Kayembe,Congo DR,https://crests.football-data.org/congo_dr.svg,Defence,1994-08-08,Congo DR,https://img.sofascore.com/api/v1/player/8700/image
9160,Dylan Batubinsika,Congo DR,https://crests.football-data.org/congo_dr.svg,Defence,1996-02-15,DR Congo,https://img.sofascore.com/api/v1/player/9160/image
82600,Gédéon Kalulu,Congo DR,https://crests.football-data.org/congo_dr.svg,Defence,1997-08-29,DR Congo,https://img.sofascore.com/api/v1/player/82600/image
220602,Steve Kapuadi,Congo DR,https://crests.football-data.org/congo_dr.svg,Defence,1998-04-30,Congo DR,https://img.sofascore.com/api/v1/player/220602/image
8596,Gaël Kakuta,Congo DR,https://crests.football-data.org/congo_dr.svg,Midfield,1991-06-21,DR Congo,https://img.sofascore.com/api/v1/player/8596/image
8701,Samuel Moutoussamy,Congo DR,https://crests.football-data.org/congo_dr.svg,Midfield,1996-08-12,DR Congo,https://img.sofascore.com/api/v1/player/8701/image
8854,Edo Kayembe,Congo DR,https://crests.football-data.org/congo_dr.svg,Midfield,1998-06-03,DR Congo,https://img.sofascore.com/api/v1/player/8854/image
14596,Aaron Tshibola,Congo DR,https://crests.football-data.org/congo_dr.svg,Midfield,1995-01-02,DR Congo,https://img.sofascore.com/api/v1/player/14596/image
30876,Charles Pickel,Congo DR,https://crests.football-data.org/congo_dr.svg,Midfield,1997-05-15,DR Congo,https://img.sofascore.com/api/v1/player/30876/image
182273,Noah Sadiki,Congo DR,https://crests.football-data.org/congo_dr.svg,Midfield,2004-12-17,DR Congo,https://img.sofascore.com/api/v1/player/182273/image
192666,Ngal'ayel Mukau,Congo DR,https://crests.football-data.org/congo_dr.svg,Midfield,2004-11-03,DR Congo,https://img.sofascore.com/api/v1/player/192666/image
612,Yoane Wissa,Congo DR,https://crests.football-data.org/congo_dr.svg,Offence,1996-09-03,DR Congo,https://img.sofascore.com/api/v1/player/612/image
9309,Theo Bongonda,Congo DR,https://crests.football-data.org/congo_dr.svg,Offence,1995-11-20,DR Congo,https://img.sofascore.com/api/v1/player/9309/image
21583,Cédric Bakambu,Congo DR,https://crests.football-data.org/congo_dr.svg,Offence,1991-04-11,DR Congo,https://img.sofascore.com/api/v1/player/21583/image
74554,Simon Banza,Congo DR,https://crests.football-data.org/congo_dr.svg,Offence,1996-08-13,DR Congo,https://img.sofascore.com/api/v1/player/74554/image
125668,Nathanael Mbuku,Congo DR,https://crests.football-data.org/congo_dr.svg,Offence,2002-03-16,DR Congo,https://img.sofascore.com/api/v1/player/125668/image
166776,Meschack Elia,Congo DR,https://crests.football-data.org/congo_dr.svg,Offence,1997-08-06,DR Congo,https://img.sofascore.com/api/v1/player/166776/image
243626,Brian Cipenga,Congo DR,https://crests.football-data.org/congo_dr.svg,Offence,1998-03-11,DR Congo,https://img.sofascore.com/api/v1/player/243626/image
245577,Fiston Mayele,Congo DR,https://crests.football-data.org/congo_dr.svg,Offence,1994-06-24,DR Congo,https://img.sofascore.com/api/v1/player/245577/image
616,Yahia Fofana,Ivory Coast,https://crests.football-data.org/787.svg,Goalkeeper,2000-08-21,Ivory Coast,https://img.sofascore.com/api/v1/player/616/image
8292,Alban Lafont,Ivory Coast,https://crests.football-data.org/787.svg,Goalkeeper,1999-01-23,Ivory Coast,https://img.sofascore.com/api/v1/player/8292/image
170943,Mohamed Kone,Ivory Coast,https://crests.football-data.org/787.svg,Goalkeeper,2002-03-07,Ivory Coast,https://img.sofascore.com/api/v1/player/170943/image
526,Evan N'Dicka,Ivory Coast,https://crests.football-data.org/787.svg,Defence,1999-08-20,Ivory Coast,https://img.sofascore.com/api/v1/player/526/image
700,Christopher Operi,Ivory Coast,https://crests.football-data.org/787.svg,Defence,1997-04-29,Ivory Coast,https://img.sofascore.com/api/v1/player/700/image
37432,Ghislain Konan,Ivory Coast,https://crests.football-data.org/787.svg,Defence,1995-12-27,Ivory Coast,https://img.sofascore.com/api/v1/player/37432/image
113375,Wilfried Singo,Ivory Coast,https://crests.football-data.org/787.svg,Defence,2000-12-25,Ivory Coast,https://img.sofascore.com/api/v1/player/113375/image
135473,Guela Doué,Ivory Coast,https://crests.football-data.org/787.svg,Defence,2002-10-17,Ivory Coast,https://img.sofascore.com/api/v1/player/135473/image
149731,Emmanuel Agbadou,Ivory Coast,https://crests.football-data.org/787.svg,Defence,1997-06-17,Ivory Coast,https://img.sofascore.com/api/v1/player/149731/image
167098,Odilon Kossounou,Ivory Coast,https://crests.football-data.org/787.svg,Defence,2001-01-04,Ivory Coast,https://img.sofascore.com/api/v1/player/167098/image
191760,Ousmane Diomande,Ivory Coast,https://crests.football-data.org/787.svg,Defence,2003-12-04,Ivory Coast,https://img.sofascore.com/api/v1/player/191760/image
1747,Franck Kessié,Ivory Coast,https://crests.football-data.org/787.svg,Midfield,1996-12-19,Ivory Coast,https://img.sofascore.com/api/v1/player/1747/image
2126,Seko Fofana,Ivory Coast,https://crests.football-data.org/787.svg,Midfield,1995-05-07,France,https://img.sofascore.com/api/v1/player/2126/image
8307,Ibrahim Sangaré,Ivory Coast,https://crests.football-data.org/787.svg,Midfield,1997-12-02,Ivory Coast,https://img.sofascore.com/api/v1/player/8307/image
8430,Jean Michaël Seri,Ivory Coast,https://crests.football-data.org/787.svg,Midfield,1991-07-19,Ivory Coast,https://img.sofascore.com/api/v1/player/8430/image
133584,Amad Diallo,Ivory Coast,https://crests.football-data.org/787.svg,Midfield,2002-07-11,Ivory Coast,https://img.sofascore.com/api/v1/player/133584/image
144698,Parfait Guiagon,Ivory Coast,https://crests.football-data.org/787.svg,Midfield,2001-02-22,Ivory Coast,https://img.sofascore.com/api/v1/player/144698/image
269161,Christ Ravynel Inao Oulaï,Ivory Coast,https://crests.football-data.org/787.svg,Midfield,2006-04-06,Cote d'Ivoire,https://img.sofascore.com/api/v1/player/269161/image
8412,Nicolas Pépé,Ivory Coast,https://crests.football-data.org/787.svg,Offence,1995-05-29,Ivory Coast,https://img.sofascore.com/api/v1/player/8412/image
128710,Evann Guessand,Ivory Coast,https://crests.football-data.org/787.svg,Offence,2001-07-01,Ivory Coast,https://img.sofascore.com/api/v1/player/128710/image
152738,Ange-Yoan Bonny,Ivory Coast,https://crests.football-data.org/787.svg,Offence,2003-10-25,Ivory Coast,https://img.sofascore.com/api/v1/player/152738/image
156808,Sepe Elye Wahi,Ivory Coast,https://crests.football-data.org/787.svg,Offence,2003-01-02,France,https://img.sofascore.com/api/v1/player/156808/image
166249,Simon Adingra,Ivory Coast,https://crests.football-data.org/787.svg,Offence,2002-01-01,Ivory Coast,https://img.sofascore.com/api/v1/player/166249/image
188275,Oumar Diakite,Ivory Coast,https://crests.football-data.org/787.svg,Offence,2003-12-20,Ivory Coast,https://img.sofascore.com/api/v1/player/188275/image
249312,Bazoumana Touré,Ivory Coast,https://crests.football-data.org/787.svg,Offence,2006-03-02,Ivory Coast,https://img.sofascore.com/api/v1/player/249312/image
277484,Yan Diomandé,Ivory Coast,https://crests.football-data.org/787.svg,Offence,2006-11-14,Ivory Coast,https://img.sofascore.com/api/v1/player/277484/image
103173,Salah Zakaria,Qatar,https://crests.football-data.org/8030.svg,Goalkeeper,1999-04-24,Qatar,https://img.sofascore.com/api/v1/player/103173/image
129104,Meshaal Barsham,Qatar,https://crests.football-data.org/8030.svg,Goalkeeper,1998-02-14,Qatar,https://img.sofascore.com/api/v1/player/129104/image
156781,Mahmoud Abunada,Qatar,https://crests.football-data.org/8030.svg,Goalkeeper,2000-02-05,Qatar,https://img.sofascore.com/api/v1/player/156781/image
115828,Boualem Khoukhi,Qatar,https://crests.football-data.org/8030.svg,Defence,1990-07-09,Qatar,https://img.sofascore.com/api/v1/player/115828/image
189707,Jassem Gaber Abdulsallam,Qatar,https://crests.football-data.org/8030.svg,Defence,2002-02-20,Qatar,https://img.sofascore.com/api/v1/player/189707/image
189725,Homam Ahmed,Qatar,https://crests.football-data.org/8030.svg,Defence,1999-08-25,Qatar,https://img.sofascore.com/api/v1/player/189725/image
189969,Ró-Ró,Qatar,https://crests.football-data.org/8030.svg,Defence,1990-08-06,Qatar,https://img.sofascore.com/api/v1/player/189969/image
194260,Lucas Mendes,Qatar,https://crests.football-data.org/8030.svg,Defence,1990-07-03,Brazil,https://img.sofascore.com/api/v1/player/194260/image
249804,Sultan Al Brake,Qatar,https://crests.football-data.org/8030.svg,Defence,1996-04-07,Qatar,https://img.sofascore.com/api/v1/player/249804/image
295196,Ayoub Al-Oui,Qatar,https://crests.football-data.org/8030.svg,Defence,2005-03-11,Qatar,https://img.sofascore.com/api/v1/player/295196/image
57667,Assim Madibo,Qatar,https://crests.football-data.org/8030.svg,Midfield,1996-10-22,Qatar,https://img.sofascore.com/api/v1/player/57667/image
115827,Abdulaziz Hatem,Qatar,https://crests.football-data.org/8030.svg,Midfield,1990-10-28,Qatar,https://img.sofascore.com/api/v1/player/115827/image
115829,Karim Boudiaf,Qatar,https://crests.football-data.org/8030.svg,Midfield,1990-09-16,Qatar,https://img.sofascore.com/api/v1/player/115829/image
115832,Ahmed Fathy,Qatar,https://crests.football-data.org/8030.svg,Midfield,1993-01-25,Qatar,https://img.sofascore.com/api/v1/player/115832/image
129107,Yusuf Abdurisag,Qatar,https://crests.football-data.org/8030.svg,Midfield,1999-08-06,Qatar,https://img.sofascore.com/api/v1/player/129107/image
249923,Ahmed Al Ganehi,Qatar,https://crests.football-data.org/8030.svg,Midfield,2000-09-22,Qatar,https://img.sofascore.com/api/v1/player/249923/image
253301,Tahsin Jamshid,Qatar,https://crests.football-data.org/8030.svg,Midfield,2006-06-16,Qatar,https://img.sofascore.com/api/v1/player/253301/image
253597,Mohamed Al Banna,Qatar,https://crests.football-data.org/8030.svg,Midfield,1990-09-29,Bahrain,https://img.sofascore.com/api/v1/player/253597/image
57652,Akram Afif,Qatar,https://crests.football-data.org/8030.svg,Offence,1996-11-18,Qatar,https://img.sofascore.com/api/v1/player/57652/image
115837,Almoez Ali,Qatar,https://crests.football-data.org/8030.svg,Offence,1996-08-19,Qatar,https://img.sofascore.com/api/v1/player/115837/image
135684,Mohammed Muntari,Qatar,https://crests.football-data.org/8030.svg,Offence,1993-12-20,Qatar,https://img.sofascore.com/api/v1/player/135684/image
189973,Hassan Al Haydos,Qatar,https://crests.football-data.org/8030.svg,Offence,1990-12-11,Qatar,https://img.sofascore.com/api/v1/player/189973/image
189976,Ahmed Alaa Eldin,Qatar,https://crests.football-data.org/8030.svg,Offence,1993-01-31,Qatar,https://img.sofascore.com/api/v1/player/189976/image
255986,Edmílson,Qatar,https://crests.football-data.org/8030.svg,Offence,1994-08-19,Belgium,https://img.sofascore.com/api/v1/player/255986/image
125598,Yazeed Abulaila,Jordan,https://crests.football-data.org/8049.png,Goalkeeper,1993-01-06,Jordan,https://img.sofascore.com/api/v1/player/125598/image
249669,Abdallah Al Fakhouri,Jordan,https://crests.football-data.org/8049.png,Goalkeeper,2000-01-22,Jordan,https://img.sofascore.com/api/v1/player/249669/image
116921,Saleem Obaid,Jordan,https://crests.football-data.org/8049.png,Defence,1992-01-17,Jordan,https://img.sofascore.com/api/v1/player/116921/image
119303,Yazan Al Arab,Jordan,https://crests.football-data.org/8049.png,Defence,1996-01-31,Jordan,https://img.sofascore.com/api/v1/player/119303/image
202806,Mohammad Abualnadi,Jordan,https://crests.football-data.org/8049.png,Defence,2001-02-08,USA,https://img.sofascore.com/api/v1/player/202806/image
244110,Abdallah Naseeb,Jordan,https://crests.football-data.org/8049.png,Defence,1994-02-25,Jordan,https://img.sofascore.com/api/v1/player/244110/image
244241,Mohammad Abu Hasheesh,Jordan,https://crests.football-data.org/8049.png,Defence,1995-05-09,Jordan,https://img.sofascore.com/api/v1/player/244241/image
244346,Mohannad Abu Taha,Jordan,https://crests.football-data.org/8049.png,Defence,2003-02-02,Jordan,https://img.sofascore.com/api/v1/player/244346/image
244507,Yousef Abu Al Jazar,Jordan,https://crests.football-data.org/8049.png,Defence,1999-10-25,Jordan,https://img.sofascore.com/api/v1/player/244507/image
17850,Ahmad Assaf,Jordan,https://crests.football-data.org/8049.png,Midfield,1999-07-21,Germany,https://img.sofascore.com/api/v1/player/17850/image
213823,Yousef Qashi,Jordan,https://crests.football-data.org/8049.png,Midfield,2005-04-15,Jordan,https://img.sofascore.com/api/v1/player/213823/image
231890,Nizar Al Rashdan,Jordan,https://crests.football-data.org/8049.png,Midfield,1999-03-23,Jordan,https://img.sofascore.com/api/v1/player/231890/image
244206,Noor Al Rawabdeh,Jordan,https://crests.football-data.org/8049.png,Midfield,1997-02-24,Jordan,https://img.sofascore.com/api/v1/player/244206/image
249756,Ibrahim Saadeh,Jordan,https://crests.football-data.org/8049.png,Midfield,2000-04-27,Jordan,https://img.sofascore.com/api/v1/player/249756/image
98763,Musa Al Taamari,Jordan,https://crests.football-data.org/8049.png,Offence,1997-06-10,Jordan,https://img.sofascore.com/api/v1/player/98763/image
116928,Mahmoud Al Mardi,Jordan,https://crests.football-data.org/8049.png,Offence,1993-10-06,Jordan,https://img.sofascore.com/api/v1/player/116928/image
116933,Baha' Faisal,Jordan,https://crests.football-data.org/8049.png,Offence,1995-05-30,Jordan,https://img.sofascore.com/api/v1/player/116933/image
280317,Ibrahim Sabra,Jordan,https://crests.football-data.org/8049.png,Offence,2006-02-01,Jordan,https://img.sofascore.com/api/v1/player/280317/image
117137,Jalal Hassan,Iraq,https://crests.football-data.org/iraq.svg,Goalkeeper,1991-05-18,Iraq,https://img.sofascore.com/api/v1/player/117137/image
132162,Fahad Talib,Iraq,https://crests.football-data.org/iraq.svg,Goalkeeper,1994-10-21,Iraq,https://img.sofascore.com/api/v1/player/132162/image
236206,Ahmed Basil,Iraq,https://crests.football-data.org/iraq.svg,Goalkeeper,1996-08-19,Iraq,https://img.sofascore.com/api/v1/player/236206/image
129968,Hussein Ali,Iraq,https://crests.football-data.org/iraq.svg,Defence,2002-03-01,Iraq,https://img.sofascore.com/api/v1/player/129968/image
152724,Merchas Doski,Iraq,https://crests.football-data.org/iraq.svg,Defence,1999-12-07,Iraq,https://img.sofascore.com/api/v1/player/152724/image
210821,Rebin Sulaka,Iraq,https://crests.football-data.org/iraq.svg,Defence,1992-04-12,Iraq,https://img.sofascore.com/api/v1/player/210821/image
236191,Mustafa Saadoun,Iraq,https://crests.football-data.org/iraq.svg,Defence,2001-05-25,Iraq,https://img.sofascore.com/api/v1/player/236191/image
236195,Ahmed Yahya,Iraq,https://crests.football-data.org/iraq.svg,Defence,1997-05-27,Iraq,https://img.sofascore.com/api/v1/player/236195/image
236201,Frans Putros,Iraq,https://crests.football-data.org/iraq.svg,Defence,1993-07-14,Iraq,https://img.sofascore.com/api/v1/player/236201/image
249839,Zaid Tahseen,Iraq,https://crests.football-data.org/iraq.svg,Defence,2001-01-29,Iraq,https://img.sofascore.com/api/v1/player/249839/image
249877,Manaf Younis,Iraq,https://crests.football-data.org/iraq.svg,Defence,1996-11-16,Iraq,https://img.sofascore.com/api/v1/player/249877/image
253190,Akam Hashem,Iraq,https://crests.football-data.org/iraq.svg,Defence,1998-08-16,Iraq,https://img.sofascore.com/api/v1/player/253190/image
31373,Amir Al Ammari,Iraq,https://crests.football-data.org/iraq.svg,Midfield,1997-07-27,Iraq,https://img.sofascore.com/api/v1/player/31373/image
35515,Kevin Yakob,Iraq,https://crests.football-data.org/iraq.svg,Midfield,2000-10-10,Iraq,https://img.sofascore.com/api/v1/player/35515/image
117481,Aimar Sher,Iraq,https://crests.football-data.org/iraq.svg,Midfield,2002-12-20,Iraq,https://img.sofascore.com/api/v1/player/117481/image
123067,Ibrahim Bayesh,Iraq,https://crests.football-data.org/iraq.svg,Midfield,2000-05-01,Iraq,https://img.sofascore.com/api/v1/player/123067/image
165049,Youssef Amyn,Iraq,https://crests.football-data.org/iraq.svg,Midfield,2003-08-21,Iraq,https://img.sofascore.com/api/v1/player/165049/image
167462,Ahmed Qasem,Iraq,https://crests.football-data.org/iraq.svg,Midfield,2003-07-12,Sweden,https://img.sofascore.com/api/v1/player/167462/image
176642,Zidane Iqbal,Iraq,https://crests.football-data.org/iraq.svg,Midfield,2003-04-27,Iraq,https://img.sofascore.com/api/v1/player/176642/image
295321,Zaid Ismail,Iraq,https://crests.football-data.org/iraq.svg,Midfield,2002-01-03,Iraq,https://img.sofascore.com/api/v1/player/295321/image
117153,Aymen Hussein,Iraq,https://crests.football-data.org/iraq.svg,Offence,1996-03-22,Iraq,https://img.sofascore.com/api/v1/player/117153/image
177008,Ali Al-Hamadi,Iraq,https://crests.football-data.org/iraq.svg,Offence,2002-03-01,Iraq,https://img.sofascore.com/api/v1/player/177008/image
193630,Marko Farji,Iraq,https://crests.football-data.org/iraq.svg,Offence,2004-03-16,Iraq,https://img.sofascore.com/api/v1/player/193630/image
218847,Ali Jassim El-Aibi,Iraq,https://crests.football-data.org/iraq.svg,Offence,2004-01-20,Iraq,https://img.sofascore.com/api/v1/player/218847/image
221753,Mohanad Ali,Iraq,https://crests.football-data.org/iraq.svg,Offence,2000-06-20,Iraq,https://img.sofascore.com/api/v1/player/221753/image
119215,Botirali Ergashev,Uzbekistan,https://crests.football-data.org/8070.png,Goalkeeper,1995-06-23,Uzbekistan,https://img.sofascore.com/api/v1/player/119215/image
243911,Abduvakhid Nematov,Uzbekistan,https://crests.football-data.org/8070.png,Goalkeeper,2001-03-20,Uzbekistan,https://img.sofascore.com/api/v1/player/243911/image
244531,Utkir Yusupov,Uzbekistan,https://crests.football-data.org/8070.png,Goalkeeper,1991-01-04,Uzbekistan,https://img.sofascore.com/api/v1/player/244531/image
132172,Rustam Ashurmatov,Uzbekistan,https://crests.football-data.org/8070.png,Defence,1996-07-07,Uzbekistan,https://img.sofascore.com/api/v1/player/132172/image
132173,Umar Eshmurodov,Uzbekistan,https://crests.football-data.org/8070.png,Defence,1992-11-30,Uzbekistan,https://img.sofascore.com/api/v1/player/132173/image
212868,Abdukodir Khusanov,Uzbekistan,https://crests.football-data.org/8070.png,Defence,2004-02-29,Uzbekistan,https://img.sofascore.com/api/v1/player/212868/image
221787,Jakhongir O'rozov,Uzbekistan,https://crests.football-data.org/8070.png,Defence,2004-01-18,Uzbekistan,https://img.sofascore.com/api/v1/player/221787/image
231904,Farrukh Sayfiyev,Uzbekistan,https://crests.football-data.org/8070.png,Defence,1991-01-17,Uzbekistan,https://img.sofascore.com/api/v1/player/231904/image
243825,Khodjiakbar Alijonov,Uzbekistan,https://crests.football-data.org/8070.png,Defence,1997-04-19,Uzbekistan,https://img.sofascore.com/api/v1/player/243825/image
243838,Sherzod Nasrullayev,Uzbekistan,https://crests.football-data.org/8070.png,Defence,1998-07-23,Uzbekistan,https://img.sofascore.com/api/v1/player/243838/image
253243,Mukhammadkodir Khamraliev,Uzbekistan,https://crests.football-data.org/8070.png,Defence,2001-07-06,Uzbekistan,https://img.sofascore.com/api/v1/player/253243/image
117321,Otabek Shukurov,Uzbekistan,https://crests.football-data.org/8070.png,Midfield,1996-06-22,Uzbekistan,https://img.sofascore.com/api/v1/player/117321/image
132176,Jamshid Iskanderov,Uzbekistan,https://crests.football-data.org/8070.png,Midfield,1993-10-16,Uzbekistan,https://img.sofascore.com/api/v1/player/132176/image
149716,Akmal Mozgovoy,Uzbekistan,https://crests.football-data.org/8070.png,Midfield,2000-04-02,Uzbekistan,https://img.sofascore.com/api/v1/player/149716/image
212371,Umarali Rahmonaliyev,Uzbekistan,https://crests.football-data.org/8070.png,Midfield,2003-08-18,Uzbekistan,https://img.sofascore.com/api/v1/player/212371/image
232740,Azizjon Ganiev,Uzbekistan,https://crests.football-data.org/8070.png,Midfield,1998-02-22,Uzbekistan,https://img.sofascore.com/api/v1/player/232740/image
232753,Odiljon Hamrobekov,Uzbekistan,https://crests.football-data.org/8070.png,Midfield,1996-02-13,Uzbekistan,https://img.sofascore.com/api/v1/player/232753/image
261032,Ibrokhim Ibrokhimov,Uzbekistan,https://crests.football-data.org/8070.png,Midfield,2001-01-12,Uzbekistan,https://img.sofascore.com/api/v1/player/261032/image
49149,Dostonbek Xamdamov,Uzbekistan,https://crests.football-data.org/8070.png,Offence,1996-07-24,Uzbekistan,https://img.sofascore.com/api/v1/player/49149/image
49307,Eldor Shomurodov,Uzbekistan,https://crests.football-data.org/8070.png,Offence,1995-06-29,Uzbekistan,https://img.sofascore.com/api/v1/player/49307/image
119221,Oston Urunov,Uzbekistan,https://crests.football-data.org/8070.png,Offence,2000-12-19,Uzbekistan,https://img.sofascore.com/api/v1/player/119221/image
183140,Igor Sergeev,Uzbekistan,https://crests.football-data.org/8070.png,Offence,1993-04-30,Uzbekistan,https://img.sofascore.com/api/v1/player/183140/image
261029,Alisher Odilov,Uzbekistan,https://crests.football-data.org/8070.png,Offence,2001-07-15,Uzbekistan,https://img.sofascore.com/api/v1/player/261029/image
9923,Mark Flekken,Netherlands,https://crests.football-data.org/8601.svg,Goalkeeper,1993-06-13,Netherlands,https://img.sofascore.com/api/v1/player/9923/image
126870,Bart Verbruggen,Netherlands,https://crests.football-data.org/8601.svg,Goalkeeper,2002-08-18,Netherlands,https://img.sofascore.com/api/v1/player/126870/image
137691,Robin Roefs,Netherlands,https://crests.football-data.org/8601.svg,Goalkeeper,2003-01-17,Netherlands,https://img.sofascore.com/api/v1/player/137691/image
7417,Denzel Dumfries,Netherlands,https://crests.football-data.org/8601.svg,Defence,1996-04-18,Netherlands,https://img.sofascore.com/api/v1/player/7417/image
7869,Virgil van Dijk,Netherlands,https://crests.football-data.org/8601.svg,Defence,1991-07-08,Netherlands,https://img.sofascore.com/api/v1/player/7869/image
8240,Nathan Aké,Netherlands,https://crests.football-data.org/8601.svg,Defence,1995-02-18,Netherlands,https://img.sofascore.com/api/v1/player/8240/image
98566,Jan Paul van Hecke,Netherlands,https://crests.football-data.org/8601.svg,Defence,2000-06-08,Netherlands,https://img.sofascore.com/api/v1/player/98566/image
98816,Jurrien Timber,Netherlands,https://crests.football-data.org/8601.svg,Defence,2001-06-17,Netherlands,https://img.sofascore.com/api/v1/player/98816/image
131177,Mickey van de Ven,Netherlands,https://crests.football-data.org/8601.svg,Defence,2001-04-19,Netherlands,https://img.sofascore.com/api/v1/player/131177/image
189477,Jorrel Hato,Netherlands,https://crests.football-data.org/8601.svg,Defence,2006-03-07,Netherlands,https://img.sofascore.com/api/v1/player/189477/image
1848,Marten de Roon,Netherlands,https://crests.football-data.org/8601.svg,Midfield,1991-03-29,Netherlands,https://img.sofascore.com/api/v1/player/1848/image
7457,Donyell Malen,Netherlands,https://crests.football-data.org/8601.svg,Midfield,1999-01-19,Netherlands,https://img.sofascore.com/api/v1/player/7457/image
7559,Frenkie de Jong,Netherlands,https://crests.football-data.org/8601.svg,Midfield,1997-05-12,Netherlands,https://img.sofascore.com/api/v1/player/7559/image
7565,Noa Lang,Netherlands,https://crests.football-data.org/8601.svg,Midfield,1999-06-17,Netherlands,https://img.sofascore.com/api/v1/player/7565/image
7688,Guus Til,Netherlands,https://crests.football-data.org/8601.svg,Midfield,1997-12-22,Netherlands,https://img.sofascore.com/api/v1/player/7688/image
7693,Teun Koopmeiners,Netherlands,https://crests.football-data.org/8601.svg,Midfield,1998-02-28,Netherlands,https://img.sofascore.com/api/v1/player/7693/image
7696,Tijjani Reijnders,Netherlands,https://crests.football-data.org/8601.svg,Midfield,1998-07-29,Netherlands,https://img.sofascore.com/api/v1/player/7696/image
81793,Ryan Gravenberch,Netherlands,https://crests.football-data.org/8601.svg,Midfield,2002-05-16,Netherlands,https://img.sofascore.com/api/v1/player/81793/image
97505,Mats Wieffer,Netherlands,https://crests.football-data.org/8601.svg,Midfield,1999-11-16,Netherlands,https://img.sofascore.com/api/v1/player/97505/image
97536,Quinten Timber,Netherlands,https://crests.football-data.org/8601.svg,Midfield,2001-06-17,Netherlands,https://img.sofascore.com/api/v1/player/97536/image
102193,Crysencio Summerville,Netherlands,https://crests.football-data.org/8601.svg,Midfield,2001-10-30,Netherlands,https://img.sofascore.com/api/v1/player/102193/image
7459,Cody Gakpo,Netherlands,https://crests.football-data.org/8601.svg,Offence,1999-05-07,Netherlands,https://img.sofascore.com/api/v1/player/7459/image
7561,Justin Kluivert,Netherlands,https://crests.football-data.org/8601.svg,Offence,1999-05-05,Netherlands,https://img.sofascore.com/api/v1/player/7561/image
7697,Wout Weghorst,Netherlands,https://crests.football-data.org/8601.svg,Offence,1992-08-07,Netherlands,https://img.sofascore.com/api/v1/player/7697/image
8472,Memphis Depay,Netherlands,https://crests.football-data.org/8601.svg,Offence,1994-02-13,Netherlands,https://img.sofascore.com/api/v1/player/8472/image
97535,Brian Brobbey,Netherlands,https://crests.football-data.org/8601.svg,Offence,2002-02-01,Netherlands,https://img.sofascore.com/api/v1/player/97535/image
6843,Ørjan Nyland,Norway,https://crests.football-data.org/813.svg,Goalkeeper,1990-09-10,Norway,https://img.sofascore.com/api/v1/player/6843/image
44441,Egil Selvik,Norway,https://crests.football-data.org/813.svg,Goalkeeper,1997-07-30,Norway,https://img.sofascore.com/api/v1/player/44441/image
146024,Sander Tangvik,Norway,https://crests.football-data.org/813.svg,Goalkeeper,2002-11-29,Norway,https://img.sofascore.com/api/v1/player/146024/image
16068,Kristoffer Ajer,Norway,https://crests.football-data.org/813.svg,Defence,1998-04-17,Norway,https://img.sofascore.com/api/v1/player/16068/image
16197,Torbjørn Heggem,Norway,https://crests.football-data.org/813.svg,Defence,1999-01-12,Norway,https://img.sofascore.com/api/v1/player/16197/image
37913,Fredrik Bjørkan,Norway,https://crests.football-data.org/813.svg,Defence,1998-08-21,Norway,https://img.sofascore.com/api/v1/player/37913/image
38548,Marcus Pedersen,Norway,https://crests.football-data.org/813.svg,Defence,2000-07-16,Norway,https://img.sofascore.com/api/v1/player/38548/image
44030,Julian Ryerson,Norway,https://crests.football-data.org/813.svg,Defence,1997-11-17,Norway,https://img.sofascore.com/api/v1/player/44030/image
44032,Leo Østigård,Norway,https://crests.football-data.org/813.svg,Defence,1999-11-28,Norway,https://img.sofascore.com/api/v1/player/44032/image
135036,Henrik Falchener,Norway,https://crests.football-data.org/813.svg,Defence,2003-05-08,Norway,https://img.sofascore.com/api/v1/player/135036/image
145159,Sondre Langås,Norway,https://crests.football-data.org/813.svg,Defence,2001-02-02,Norway,https://img.sofascore.com/api/v1/player/145159/image
205467,David Wolfe,Norway,https://crests.football-data.org/813.svg,Defence,2002-04-23,Norway,https://img.sofascore.com/api/v1/player/205467/image
7421,Morten Thorsby,Norway,https://crests.football-data.org/813.svg,Midfield,1996-05-05,Norway,https://img.sofascore.com/api/v1/player/7421/image
7427,Martin Ødegaard,Norway,https://crests.football-data.org/813.svg,Midfield,1998-12-17,Norway,https://img.sofascore.com/api/v1/player/7427/image
8973,Sander Berge,Norway,https://crests.football-data.org/813.svg,Midfield,1998-02-14,Norway,https://img.sofascore.com/api/v1/player/8973/image
37924,Patrick Berg,Norway,https://crests.football-data.org/813.svg,Midfield,1997-11-24,Norway,https://img.sofascore.com/api/v1/player/37924/image
38088,Fredrik Aursnes,Norway,https://crests.football-data.org/813.svg,Midfield,1995-12-10,Norway,https://img.sofascore.com/api/v1/player/38088/image
44033,Kristian Thorstvedt,Norway,https://crests.football-data.org/813.svg,Midfield,1999-03-13,Norway,https://img.sofascore.com/api/v1/player/44033/image
150589,Thelo Aasgaard,Norway,https://crests.football-data.org/813.svg,Midfield,2002-05-02,Norway,https://img.sofascore.com/api/v1/player/150589/image
169295,Antonio Nusa,Norway,https://crests.football-data.org/813.svg,Midfield,2005-04-17,Norway,https://img.sofascore.com/api/v1/player/169295/image
179716,Oscar Bobb,Norway,https://crests.football-data.org/813.svg,Midfield,2003-07-12,Norway,https://img.sofascore.com/api/v1/player/179716/image
8167,Alexander Sørloth,Norway,https://crests.football-data.org/813.svg,Offence,1995-12-05,Norway,https://img.sofascore.com/api/v1/player/8167/image
37916,Jens Hauge,Norway,https://crests.football-data.org/813.svg,Offence,1999-10-12,Norway,https://img.sofascore.com/api/v1/player/37916/image
38101,Erling Haaland,Norway,https://crests.football-data.org/813.svg,Offence,2000-07-21,Norway,https://img.sofascore.com/api/v1/player/38101/image
157796,Andreas Schjelderup,Norway,https://crests.football-data.org/813.svg,Offence,2004-06-01,Norway,https://img.sofascore.com/api/v1/player/157796/image
213269,Jørgen Strand Larsen,Norway,https://crests.football-data.org/813.svg,Offence,2000-02-06,Norway,https://img.sofascore.com/api/v1/player/213269/image
3981,Angus Gunn,Scotland,https://crests.football-data.org/814.svg,Goalkeeper,1996-01-22,Scotland,https://img.sofascore.com/api/v1/player/3981/image
15607,Craig Gordon,Scotland,https://crests.football-data.org/814.svg,Goalkeeper,1982-12-31,Scotland,https://img.sofascore.com/api/v1/player/15607/image
34960,Liam Kelly,Scotland,https://crests.football-data.org/814.svg,Goalkeeper,1996-01-23,Scotland,https://img.sofascore.com/api/v1/player/34960/image
3986,Grant Hanley,Scotland,https://crests.football-data.org/814.svg,Defence,1991-11-20,Scotland,https://img.sofascore.com/api/v1/player/3986/image
5769,Dominic Hyam,Scotland,https://crests.football-data.org/814.svg,Defence,1995-12-20,Scotland,https://img.sofascore.com/api/v1/player/5769/image
7868,Andrew Robertson,Scotland,https://crests.football-data.org/814.svg,Defence,1994-03-11,Scotland,https://img.sofascore.com/api/v1/player/7868/image
15615,Kieran Tierney,Scotland,https://crests.football-data.org/814.svg,Defence,1997-06-05,Scotland,https://img.sofascore.com/api/v1/player/15615/image
16070,Jack Hendry,Scotland,https://crests.football-data.org/814.svg,Defence,1995-05-07,Scotland,https://img.sofascore.com/api/v1/player/16070/image
34411,Anthony Ralston,Scotland,https://crests.football-data.org/814.svg,Defence,1998-11-16,Scotland,https://img.sofascore.com/api/v1/player/34411/image
34429,John Souttar,Scotland,https://crests.football-data.org/814.svg,Defence,1996-09-25,Scotland,https://img.sofascore.com/api/v1/player/34429/image
34486,Scott McKenna,Scotland,https://crests.football-data.org/814.svg,Defence,1996-11-12,Scotland,https://img.sofascore.com/api/v1/player/34486/image
101111,Aaron Hickey,Scotland,https://crests.football-data.org/814.svg,Defence,2002-01-01,Scotland,https://img.sofascore.com/api/v1/player/101111/image
138174,Nathan Patterson,Scotland,https://crests.football-data.org/814.svg,Defence,2001-10-16,Scotland,https://img.sofascore.com/api/v1/player/138174/image
7905,Scott McTominay,Scotland,https://crests.football-data.org/814.svg,Midfield,1996-12-08,Scotland,https://img.sofascore.com/api/v1/player/7905/image
34494,Kenny McLean,Scotland,https://crests.football-data.org/814.svg,Midfield,1992-01-08,Scotland,https://img.sofascore.com/api/v1/player/34494/image
34495,Ryan Christie,Scotland,https://crests.football-data.org/814.svg,Midfield,1995-02-22,Scotland,https://img.sofascore.com/api/v1/player/34495/image
34638,Lewis Ferguson,Scotland,https://crests.football-data.org/814.svg,Midfield,1999-08-24,Scotland,https://img.sofascore.com/api/v1/player/34638/image
34646,John McGinn,Scotland,https://crests.football-data.org/814.svg,Midfield,1994-10-18,Scotland,https://img.sofascore.com/api/v1/player/34646/image
176789,Ben Doak,Scotland,https://crests.football-data.org/814.svg,Midfield,2005-11-11,Scotland,https://img.sofascore.com/api/v1/player/176789/image
270697,Findlay Curtis,Scotland,https://crests.football-data.org/814.svg,Midfield,,Scotland,https://img.sofascore.com/api/v1/player/270697/image
290139,Tyler Fletcher,Scotland,https://crests.football-data.org/814.svg,Midfield,2007-03-19,England,https://img.sofascore.com/api/v1/player/290139/image
4119,Che Adams,Scotland,https://crests.football-data.org/814.svg,Offence,1996-07-13,Scotland,https://img.sofascore.com/api/v1/player/4119/image
25606,George Hirst,Scotland,https://crests.football-data.org/814.svg,Offence,1999-02-15,Scotland,https://img.sofascore.com/api/v1/player/25606/image
35101,Ross Stewart,Scotland,https://crests.football-data.org/814.svg,Offence,1996-07-11,Scotland,https://img.sofascore.com/api/v1/player/35101/image
35126,Lyndon Dykes,Scotland,https://crests.football-data.org/814.svg,Offence,1995-10-07,Scotland,https://img.sofascore.com/api/v1/player/35126/image
52043,Lawrence Shankland,Scotland,https://crests.football-data.org/814.svg,Offence,1995-08-10,Scotland,https://img.sofascore.com/api/v1/player/52043/image
7412,Trevor Doornbusch,Curaçao,https://crests.football-data.org/curacao.svg,Goalkeeper,1999-07-06,Curaçao,https://img.sofascore.com/api/v1/player/7412/image
7437,Eloy Room,Curaçao,https://crests.football-data.org/curacao.svg,Goalkeeper,1989-02-06,Curaçao,https://img.sofascore.com/api/v1/player/7437/image
171283,Tyrick Bodak,Curaçao,https://crests.football-data.org/curacao.svg,Goalkeeper,2002-02-15,Curaçao,https://img.sofascore.com/api/v1/player/171283/image
7229,Roshon van Eijma,Curaçao,https://crests.football-data.org/curacao.svg,Defence,1998-06-09,Curaçao,https://img.sofascore.com/api/v1/player/7229/image
7438,Joshua Brenet,Curaçao,https://crests.football-data.org/curacao.svg,Defence,1994-03-20,Curaçao,https://img.sofascore.com/api/v1/player/7438/image
7443,Armando Obispo,Curaçao,https://crests.football-data.org/curacao.svg,Defence,1999-03-05,Curaçao,https://img.sofascore.com/api/v1/player/7443/image
7744,Sheral Floranus,Curaçao,https://crests.football-data.org/curacao.svg,Defence,1998-08-23,Curaçao,https://img.sofascore.com/api/v1/player/7744/image
9428,Riechedly Bazoer,Curaçao,https://crests.football-data.org/curacao.svg,Defence,1996-10-12,Curaçao,https://img.sofascore.com/api/v1/player/9428/image
55417,Juriën Gaari,Curaçao,https://crests.football-data.org/curacao.svg,Defence,1993-12-23,Curaçao,https://img.sofascore.com/api/v1/player/55417/image
137697,Shurandy Sambo,Curaçao,https://crests.football-data.org/curacao.svg,Defence,2001-08-19,Curaçao,https://img.sofascore.com/api/v1/player/137697/image
149120,Ar'jany Martha,Curaçao,https://crests.football-data.org/curacao.svg,Defence,2003-09-04,Curaçao,https://img.sofascore.com/api/v1/player/149120/image
166156,Livano Comenencia,Curaçao,https://crests.football-data.org/curacao.svg,Defence,2004-02-03,Curaçao,https://img.sofascore.com/api/v1/player/166156/image
177433,Deveron Fonville,Curaçao,https://crests.football-data.org/curacao.svg,Defence,2003-05-16,Curaçao,https://img.sofascore.com/api/v1/player/177433/image
191954,Tyrese Noslin,Curaçao,https://crests.football-data.org/curacao.svg,Defence,2002-09-11,Curaçao,https://img.sofascore.com/api/v1/player/191954/image
4280,Leandro Bacuna,Curaçao,https://crests.football-data.org/curacao.svg,Midfield,1991-08-21,Curaçao,https://img.sofascore.com/api/v1/player/4280/image
7274,Godfried Roemeratoe,Curaçao,https://crests.football-data.org/curacao.svg,Midfield,1999-08-19,Curaçao,https://img.sofascore.com/api/v1/player/7274/image
7518,Juninho Bacuna,Curaçao,https://crests.football-data.org/curacao.svg,Midfield,1997-08-07,Curaçao,https://img.sofascore.com/api/v1/player/7518/image
53327,Kevin Felida,Curaçao,https://crests.football-data.org/curacao.svg,Midfield,1999-11-11,Curaçao,https://img.sofascore.com/api/v1/player/53327/image
6597,Gervane Kastaneer,Curaçao,https://crests.football-data.org/curacao.svg,Offence,1996-06-09,Curaçao,https://img.sofascore.com/api/v1/player/6597/image
7986,Kenji Gorré,Curaçao,https://crests.football-data.org/curacao.svg,Offence,1994-09-29,Curaçao,https://img.sofascore.com/api/v1/player/7986/image
8288,Jürgen Locadia,Curaçao,https://crests.football-data.org/curacao.svg,Offence,1993-11-07,Curaçao,https://img.sofascore.com/api/v1/player/8288/image
98483,Tahith Chong,Curaçao,https://crests.football-data.org/curacao.svg,Offence,1999-12-04,Curaçao,https://img.sofascore.com/api/v1/player/98483/image
137025,Sontje Hansen,Curaçao,https://crests.football-data.org/curacao.svg,Offence,2002-05-18,Curaçao,https://img.sofascore.com/api/v1/player/137025/image
149134,Jearl Margaritha,Curaçao,https://crests.football-data.org/curacao.svg,Offence,2000-04-10,Curaçao,https://img.sofascore.com/api/v1/player/149134/image
156631,Jeremy Antonisse,Curaçao,https://crests.football-data.org/curacao.svg,Offence,2002-03-29,Curaçao,https://img.sofascore.com/api/v1/player/156631/image
190770,Brandley Kuwas,Curaçao,https://crests.football-data.org/curacao.svg,Offence,1992-09-19,Curaçao,https://img.sofascore.com/api/v1/player/190770/image
